facility,unit,geo\time	2021 	2020 	2019 	2018 	2017 	2016 	2015 	2014 	2013 	2012 	2011 	2010 	2009 	2008 	2007 	2006 	2005 	2004 	2003 	2002 	2001 	2000 
DAY,NR,BE	: 	11794.00 	: 	: 	: 	: 	: 	: 	: 	: 	6213.00 	5960.00 	4589.00 	5936.00 	5651.00 	5458.00 	5782.00 	: 	: 	: 	: 	: 
DAY,NR,BG	: 	2575 d	2515 d	2339 d	2187 d	1813 d	: 	: 	: 	: 	: 	: 	: 	: 	: 	: 	: 	: 	: 	: 	: 	: 
DAY,NR,CH	: 	: 	: 	: 	: 	: 	: 	: 	: 	: 	: 	: 	: 	1497.00 	1412.00 	1421.00 	1367.00 	1357.00 	1373.00 	1118.00 	1028.00 	1023.00 
DAY,NR,CY	: 	: 	475.00 	441.00 	432.00 	404.00 	371 b	232 d	212 d	205 d	193 d	208 d	166 d	146 d	: 	: 	: 	: 	: 	: 	: 	: 
DAY,NR,DE	: 	31699.00 	29591.00 	28224.00 	30698.00 	29325.00 	28456.00 	27444.00 	26341.00 	25400.00 	23832.00 	23615.00 	22393.00 	21271.00 	20691.00 	20558.00 	19964.00 	20243.00 	18906.00 	17192.00 	13153.00 	12099.00 
DAY,NR,EE	: 	382.00 	362.00 	349.00 	355.00 	356.00 	423.00 	420.00 	397.00 	382.00 	385.00 	349.00 	358.00 	359.00 	333.00 	295.00 	306.00 	222.00 	279.00 	219.00 	224.00 	221.00 
DAY,NR,EL	: 	: 	3686.00 	4253.00 	3957.00 	3614.00 	3814.00 	3548.00 	3022.00 	2993.00 	2674.00 	2578.00 	: 	: 	: 	: 	: 	: 	: 	: 	: 	: 
DAY,NR,ES	: 	20318 p	19923.00 	19483.00 	18620.00 	18381.00 	18039.00 	17159.00 	16841.00 	16537.00 	15458.00 	14320 b	11882.00 	10973.00 	10468.00 	9329.00 	8814.00 	8100.00 	7317.00 	6662.00 	5804.00 	5575.00 
DAY,NR,FR	: 	79997.00 	78771.00 	77297.00 	75452.00 	74646.00 	72789.00 	72536.00 	71942 b	68493.00 	65595.00 	63385.00 	60983.00 	58939.00 	56056.00 	53499.00 	51984.00 	50885.00 	49602.00 	48948.00 	47816.00 	46906.00 
DAY,NR,HR	: 	3936.00 	3897.00 	3911.00 	3765.00 	3758.00 	3418.00 	2963.00 	2669.00 	2300.00 	: 	: 	: 	: 	: 	: 	: 	: 	: 	: 	: 	: 
DAY,NR,IE	: 	2900.00 	2836.00 	2880 b	2170.00 	2140.00 	2026.00 	2006.00 	2021.00 	2049.00 	1936.00 	1857.00 	1772.00 	1737.00 	1545.00 	1418.00 	1251.00 	1132.00 	909.00 	812.00 	771.00 	721.00 
DAY,NR,IT	: 	12404.00 	13452.00 	13661.00 	14074.00 	15323.00 	15728.00 	16703.00 	17594.00 	18756.00 	22114.00 	22765.00 	24151.00 	24420.00 	25980 b	31721.00 	33222.00 	30367.00 	31008.00 	29565.00 	26249.00 	26515.00 
DAY,NR,LI	15.00 	15.00 	17.00 	17.00 	17.00 	14.00 	14.00 	14.00 	14.00 	7.00 	7.00 	7.00 	: 	: 	: 	: 	: 	: 	: 	: 	: 	: 
DAY,NR,LT	237 e	177 e	236 e	209 e	210 e	213 e	239 e	219 e	259 e	: 	: 	: 	: 	: 	: 	: 	: 	: 	: 	: 	: 	: 
DAY,NR,LU	509.00 	509.00 	509.00 	: 	: 	: 	: 	: 	: 	: 	: 	: 	: 	: 	: 	: 	: 	: 	: 	: 	: 	: 
DAY,NR,LV	: 	1709.00 	1746.00 	1748.00 	1709.00 	1658.00 	1699.00 	1643.00 	1561.00 	1515.00 	1400.00 	1323.00 	1110.00 	664.00 	509.00 	549.00 	667.00 	623.00 	661.00 	736.00 	: 	: 
DAY,NR,MK	: 	321.00 	225.00 	304.00 	293.00 	152.00 	151.00 	151.00 	150.00 	151.00 	: 	148.00 	151.00 	166.00 	270.00 	256.00 	459.00 	436.00 	435.00 	465.00 	460.00 	415.00 
DAY,NR,MT	: 	178.00 	224.00 	224.00 	224.00 	195.00 	183.00 	171.00 	162.00 	149.00 	149.00 	149 e	141 e	: 	: 	147.00 	147.00 	: 	: 	: 	: 	: 
DAY,NR,NL	: 	5867 p	5584.00 	6071.00 	5126.00 	5381.00 	4799.00 	: 	: 	: 	: 	: 	: 	: 	: 	: 	: 	: 	: 	: 	: 	: 
DAY,NR,PL	: 	6777.00 	6977.00 	6679.00 	6865.00 	7261.00 	6463.00 	6476.00 	7570.00 	8415 d	7489.00 	7585.00 	7802.00 	: 	: 	: 	: 	: 	: 	: 	: 	: 
DAY,NR,PT	: 	2475.00 	2391.00 	1989.00 	2052.00 	1960.00 	1933.00 	1957.00 	1845.00 	1697.00 	1376.00 	841.00 	709.00 	774.00 	702.00 	791.00 	802.00 	766.00 	619.00 	523.00 	554.00 	506.00 
DAY,NR,RO	: 	9591.00 	9820.00 	9507 b	8072.00 	7945.00 	7764.00 	7185.00 	6603.00 	6177.00 	5749.00 	5733.00 	4883.00 	4421.00 	4402.00 	3679.00 	: 	: 	: 	: 	: 	: 
DAY,NR,RS	: 	3950.00 	3689.00 	3032.00 	3072.00 	3013.00 	2902.00 	2900.00 	3009.00 	2903.00 	2747.00 	2582.00 	2427.00 	2321.00 	: 	: 	: 	: 	: 	: 	: 	: 
DAY,NR,SK	: 	5107.00 	5157.00 	5310.00 	5116.00 	5046.00 	5037.00 	5316.00 	4483.00 	4228.00 	4005.00 	3373.00 	3111.00 	1994.00 	1658.00 	1434.00 	1500.00 	1918.00 	1893.00 	: 	: 	: 
DAY,NR,UK	: 	: 	: 	: 	: 	15047.00 e	14640.00 e	14952.00 e	14344.00 e	14193.00 e	13960.00 e	13186.00 e	13384.00 e	13076.00 e	12544.00 e	12343.00 e	11611.00 e	10940.00 e	10527.00 e	10210.00 e	9606.00 e	9754.00 e
DAY,P_HTHAB,AT	: 	: 	: 	: 	: 	: 	: 	: 	: d	: d	: 	: 	: 	: 	: 	: 	: 	: 	: 	: 	: 	: 
DAY,P_HTHAB,BE	: 	102.16 	: 	: 	: 	: 	: 	: 	: 	: 	56.29 	54.58 	42.50 	55.42 	53.18 	51.74 	55.18 	: 	: 	: 	: 	: 
DAY,P_HTHAB,BG	: 	37.14 d	36.05 d	33.30 d	30.91 d	25.44 d	: 	: 	: 	: 	: 	: 	: 	: 	: 	: 	: 	: 	: 	: 	: 	: 
DAY,P_HTHAB,CH	: 	: 	: 	: 	: 	: 	: 	: 	: 	: 	: 	: 	: b	19.57 	18.70 	18.99 	18.38 	18.36 	18.71 	15.35 	14.22 	14.24 
DAY,P_HTHAB,CY	: 	: 	53.86 	50.69 	50.26 	47.44 	43.77 b	27.21 d	24.60 d	23.73 d	22.68 d	25.08 d	20.54 d	18.56 d	: 	: 	: 	: 	: 	: 	: 	: 
DAY,P_HTHAB,DE	: 	38.12 	35.61 	34.04 	37.14 	35.61 	34.84 	33.89 	32.66 	31.58 	29.69 	29.15 	27.34 	25.91 	25.15 	24.96 	24.21 	24.53 	22.91 	20.84 	15.97 	14.72 
DAY,P_HTHAB,EE	: 	28.73 	27.28 	26.40 	26.95 	27.06 	32.16 	31.93 	30.12 	28.88 	29.00 	26.21 	26.83 	26.85 	24.84 	21.90 	22.59 	16.29 	20.35 	15.88 	16.14 	15.82 
DAY,P_HTHAB,EL	: 	: 	34.38 	39.63 	36.79 	33.54 	35.25 	32.57 	27.56 	27.10 	24.08 	23.18 	: 	: 	: 	: 	: 	: 	: 	: 	: 	: 
DAY,P_HTHAB,ES	: 	42.90 p	42.27 	41.63 	39.96 	39.54 	38.84 	36.92 	36.12 	35.36 	33.07 	30.74 b	25.63 	23.88 	23.15 	21.01 	20.19 	18.87 	17.34 	16.08 	14.21 	13.74 
DAY,P_HTHAB,FR	: 	118.73 	117.13 	115.19 	112.75 	111.87 	109.38 	109.39 	109.20 b	104.67 	100.72 	97.79 	94.54 	91.84 	87.83 	84.33 	82.51 	81.37 	79.90 	79.40 	78.13 	77.20 
DAY,P_HTHAB,HR	: 	97.25 	95.82 	95.60 	91.17 	90.07 	81.23 	69.95 	62.73 	53.88 	: 	: 	: 	: 	: 	: 	: 	: 	: 	: 	: 	: 
DAY,P_HTHAB,IE	: 	58.17 	57.47 	59.17 b	45.14 	45.00 	43.09 	43.07 	43.71 	44.55 	42.27 	40.72 	39.07 	38.69 	35.12 	33.18 	30.07 	27.81 	22.74 	20.65 	19.94 	18.95 
DAY,P_HTHAB,IT	: 	20.86 	22.52 	22.71 	23.25 	25.27 	25.90 	27.48 	29.21 	31.50 	37.24 	38.40 	40.87 	41.51 	44.46 b	54.56 	57.31 	52.64 	54.10 	51.81 	46.07 	46.56 
DAY,P_HTHAB,LI	38.41 	38.56 	44.08 	44.45 	44.78 	37.12 	37.34 	37.59 	37.85 	19.10 	19.28 	19.43 	: 	: 	: 	: 	: 	: 	: 	: 	: 	: 
DAY,P_HTHAB,LT	8.48 e	6.33 e	8.45 e	7.46 e	7.42 e	7.43 e	8.23 e	7.47 e	8.76 e	: 	: 	: 	: 	: 	: 	: 	: 	: 	: 	: 	: 	: 
DAY,P_HTHAB,LU	80.19 	80.74 	82.10 	: 	: 	: 	: 	: 	: 	: 	: 	: 	: 	: 	: 	: 	: 	: 	: 	: 	: 	: 
DAY,P_HTHAB,LV	: 	89.93 	91.23 	90.70 	87.99 	84.61 	85.92 	82.41 	77.56 	74.47 	67.97 	63.07 	51.83 	30.50 	23.13 	24.75 	29.79 	27.53 	28.89 	31.86 	: 	: 
DAY,P_HTHAB,MK	: 	15.49 	10.83 	14.64 	14.12 	7.33 	7.29 	7.30 	7.27 	7.33 	: 	7.20 	7.36 	8.11 	13.21 	12.55 	22.53 	21.45 	21.46 	22.89 	22.61 	20.48 
DAY,P_HTHAB,MT	: 	34.54 	44.44 	46.22 	47.86 	42.82 	41.12 	39.35 	38.03 	35.47 	35.79 	35.95 e	34.18 e	: 	: 	36.27 	36.40 	: 	: 	: 	: 	: 
DAY,P_HTHAB,NL	: 	33.64 p	32.19 	35.23 	29.92 	31.60 	28.33 	: 	: 	: 	: 	: 	: 	: 	: 	: 	: 	: 	: 	: 	: 	: 
DAY,P_HTHAB,PL	: 	17.88 	18.38 	17.59 	18.08 	19.12 	17.01 	17.04 	19.90 	22.11 d	19.68 	19.94 	20.49 	: 	: 	: 	: 	: 	: 	: 	: 	: 
DAY,P_HTHAB,PT	: 	24.04 	23.24 	19.34 	19.92 	18.98 	18.66 	18.82 	17.64 	16.14 	13.03 	7.95 	6.71 	7.33 	6.66 	7.52 	7.64 	7.31 	5.92 	5.02 	5.35 	4.92 
DAY,P_HTHAB,RO	: 	49.80 	50.69 	48.82 b	41.21 	40.33 	39.18 	36.09 	33.04 	30.80 	28.53 	28.32 	23.97 	21.53 	21.08 	17.36 	: 	: 	: 	: 	: 	: 
DAY,P_HTHAB,RS	: 	57.25 	53.12 	43.42 	43.76 	42.69 	40.90 	40.67 	42.00 	40.32 	37.97 	35.47 	33.15 	31.58 	: 	: 	: 	: 	: 	: 	: 	: 
DAY,P_HTHAB,SK	: 	93.55 	94.55 	97.49 	94.06 	92.91 	92.87 	98.11 	82.81 	78.19 	74.19 	62.56 	57.76 	37.07 	30.85 	26.69 	27.92 	35.70 	35.23 	: 	: 	: 
DAY,P_HTHAB,UK	: 	: 	: 	: 	: 	22.93 	22.48 e	23.14 e	22.37 e	22.28 e	22.07 e	21.01 e	21.49 e	21.16 e	20.46 e	20.29 e	19.22 e	18.24 e	17.65 e	17.20 e	16.25 e	16.56 e
DAY_GER,NR,BE	: 	673.00 	: 	578.00 	530.00 	473.00 	478.00 	446.00 	405.00 	544.00 	556.00 	568.00 	547.00 	549.00 	447.00 	355.00 	166.00 	: 	: 	: 	: 	: 
DAY_GER,NR,CY	: 	: 	0.00 	0.00 	0.00 	0.00 	0.00 	0.00 	0.00 	0.00 	0.00 	0.00 	0.00 	0.00 	: 	: 	: 	: 	: 	: 	: 	: 
DAY_GER,NR,DE	: 	2688.00 	2644.00 	2465.00 	2495.00 	2397.00 	2368.00 	2195.00 	2097.00 	2013.00 	1949.00 	1839.00 	1732.00 	1663.00 	1576.00 	1569.00 	1620.00 	1582.00 	1446.00 	1326.00 	1696.00 	1598.00 
DAY_GER,NR,DK	: 	: 	: 	: 	: 	: 	: 	: 	: 	: 	: 	: 	: 	: 	: 	: 	: 	496.00 	664.00 	680.00 	694.00 	689.00 
DAY_GER,NR,ES	: 	2481 p	2309.00 	2325.00 	2331.00 	2341.00 	2330.00 	2335.00 	2363.00 	2329.00 	2297.00 	2280.00 	: 	: 	: 	: 	: 	: 	: 	: 	: 	: 
DAY_GER,NR,FR	: 	694.00 	650.00 	652.00 	626.00 	633.00 	628.00 	627.00 	633.00 	: 	: 	: 	: 	: 	: 	: 	: 	: 	: 	: 	: 	: 
DAY_GER,NR,HR	: 	0.00 	0.00 	0.00 	0.00 	0.00 	0.00 	0.00 	0.00 	0.00 	: 	: 	: 	: 	: 	: 	: 	: 	: 	: 	: 	: 
DAY_GER,NR,IT	: 	76.00 	82.00 	88.00 	102.00 	123.00 	122.00 	126.00 	154.00 	191.00 	206.00 	262.00 	307.00 	333.00 	362.00 	414.00 	415.00 	413.00 	484.00 	443.00 	459.00 	517.00 
DAY_GER,NR,LI	0.00 	0.00 	0.00 	0.00 	0.00 	0.00 	0.00 	0.00 	0.00 	0.00 	0.00 	0.00 	: 	: 	: 	: 	: 	: 	: 	: 	: 	: 
DAY_GER,NR,LU	45.00 	45.00 	45.00 	: 	: 	: 	30.00 	: 	: 	: 	: 	: 	: 	: 	: 	: 	: 	: 	: 	: 	: 	: 
DAY_GER,NR,LV	: 	0.00 	: 	: 	: 	: 	: 	: 	: 	: 	: 	: 	: 	: 	: 	: 	: 	: 	: 	: 	: 	: 
DAY_GER,NR,MK	: 	0.00 	0.00 	0.00 	0.00 	0.00 	0.00 	0.00 	0.00 	0.00 	0.00 	0.00 	0.00 	0.00 	0.00 	0.00 	0.00 	0.00 	0.00 	0.00 	0.00 	0.00 
DAY_GER,NR,MT	: 	0.00 	30.00 	30.00 	30.00 	30.00 	: 	: 	: 	: 	: 	: 	: 	: 	: 	: 	: 	: 	: 	: 	: 	: 
DAY_GER,NR,PL	: 	: 	: 	: 	: 	: 	: 	: 	: 	: 	0.00 	0.00 	16.00 	: 	: 	: 	: 	: 	: 	: 	: 	: 
DAY_GER,NR,RO	: 	25.00 	24.00 	22.00 	4.00 	2.00 	2.00 	3.00 	7.00 	5.00 	10.00 	1.00 	1.00 	1.00 	5.00 	: 	: 	: 	: 	: 	: 	: 
DAY_GER,NR,RS	: 	2.00 	2.00 	2.00 	2.00 	2.00 	2.00 	2.00 	2.00 	2.00 	2.00 	2.00 	3.00 	: 	: 	: 	: 	: 	: 	: 	: 	: 
DAY_GER,NR,SK	: 	3.00 	3.00 	27.00 	27.00 	27.00 	27.00 	27.00 	15.00 	27.00 	24.00 	10.00 	20.00 	0.00 	0.00 	20.00 	0.00 	7.00 	7.00 	: 	: 	: 
DAY_GER,P_HTHAB,BE	: 	5.83 	: 	5.06 	4.66 	4.17 	4.24 	3.98 	3.63 	4.90 	5.04 	5.20 	5.07 	5.13 	4.21 	3.37 	1.58 	: 	: 	: 	: 	: 
DAY_GER,P_HTHAB,CY	: 	: 	0.00 	0.00 	0.00 	0.00 	0.00 	0.00 	0.00 	0.00 	0.00 	0.00 	0.00 	0.00 	: 	: 	: 	: 	: 	: 	: 	: 
DAY_GER,P_HTHAB,DE	: 	3.23 	3.18 	2.97 	3.02 	2.91 	2.90 	2.71 	2.60 	2.50 	2.43 	2.27 	2.11 	2.03 	1.92 	1.90 	1.96 	1.92 	1.75 	1.61 	2.06 	1.94 
DAY_GER,P_HTHAB,DK	: 	: 	: 	: 	: 	: 	: 	: 	: 	: 	: 	: 	: 	: 	: 	: 	: 	9.18 	12.32 	12.65 	12.95 	12.90 
DAY_GER,P_HTHAB,ES	: 	5.24 p	4.90 	4.97 	5.00 	5.04 	5.02 	5.02 	5.07 	4.98 	4.91 	4.90 	: 	: 	: 	: 	: 	: 	: 	: 	: 	: 
DAY_GER,P_HTHAB,FR	: 	1.03 	0.97 	0.97 	0.94 	0.95 	0.94 	0.95 	0.96 	: 	: 	: 	: 	: 	: 	: 	: 	: 	: 	: 	: 	: 
DAY_GER,P_HTHAB,HR	: 	0.00 	0.00 	0.00 	0.00 	0.00 	0.00 	0.00 	0.00 	0.00 	: 	: 	: 	: 	: 	: 	: 	: 	: 	: 	: 	: 
DAY_GER,P_HTHAB,IT	: 	0.13 	0.14 	0.15 	0.17 	0.20 	0.20 	0.21 	0.26 	0.32 	0.35 	0.44 	0.52 	0.57 	0.62 	0.71 	0.72 	0.72 	0.84 	0.78 	0.81 	0.91 
DAY_GER,P_HTHAB,LI	0.00 	0.00 	0.00 	0.00 	0.00 	0.00 	0.00 	0.00 	0.00 	0.00 	0.00 	0.00 	: 	: 	: 	: 	: 	: 	: 	: 	: 	: 
DAY_GER,P_HTHAB,LU	7.09 	7.14 	7.26 	: 	: 	: 	5.27 	: 	: 	: 	: 	: 	: 	: 	: 	: 	: 	: 	: 	: 	: 	: 
DAY_GER,P_HTHAB,LV	: 	0.00 	: 	: 	: 	: 	: 	: 	: 	: 	: 	: 	: 	: 	: 	: 	: 	: 	: 	: 	: 	: 
DAY_GER,P_HTHAB,MK	: 	0.00 	0.00 	0.00 	0.00 	0.00 	0.00 	0.00 	0.00 	0.00 	0.00 	0.00 	0.00 	0.00 	0.00 	0.00 	0.00 	0.00 	0.00 	0.00 	0.00 	0.00 
DAY_GER,P_HTHAB,MT	: 	0.00 	5.95 	6.19 	6.41 	6.59 	: 	: 	: 	: 	: 	: 	: 	: 	: 	: 	: 	: 	: 	: 	: 	: 
DAY_GER,P_HTHAB,PL	: 	: 	: 	: 	: 	: 	: 	: 	: 	: 	0.00 	0.00 	0.04 	: 	: 	: 	: 	: 	: 	: 	: 	: 
DAY_GER,P_HTHAB,RO	: 	0.13 	0.12 	0.11 	0.02 	0.01 	0.01 	0.02 	0.04 	0.02 	0.05 	0.00 n	0.00 n	0.00 n	0.02 	: 	: 	: 	: 	: 	: 	: 
DAY_GER,P_HTHAB,RS	: 	0.03 	0.03 	0.03 	0.03 	0.03 	0.03 	0.03 	0.03 	0.03 	0.03 	0.03 	0.04 	: 	: 	: 	: 	: 	: 	: 	: 	: 
DAY_GER,P_HTHAB,SK	: 	0.05 	0.06 	0.50 	0.50 	0.50 	0.50 	0.50 	0.28 	0.50 	0.44 	0.19 	0.37 	0.00 	0.00 	0.37 	0.00 	0.13 	0.13 	: 	: 	: 
DAY_ONC,NR,BE	: 	2176.00 	: 	1611.00 	1514.00 	1493.00 	1527.00 	1448.00 	1319.00 	1501.00 	1460.00 	1362.00 	1299.00 	1232.00 	1218.00 	1263.00 	1286.00 	: 	: 	: 	: 	: 
DAY_ONC,NR,BG	: 	404 d	347 d	: 	: 	: 	: 	: 	: 	: 	: 	: 	: 	: 	: 	: 	: 	: 	: 	: 	: 	: 
DAY_ONC,NR,CY	: 	: 	72.00 	65.00 	77.00 	70.00 	61 b	26 d	26 d	26 d	26 d	27 d	27 d	31 d	: 	: 	: 	: 	: 	: 	: 	: 
DAY_ONC,NR,DE	: 	449.00 	410.00 	378.00 	1019.00 	955.00 	962.00 	928.00 	997.00 	1047.00 	983.00 	910.00 	1056.00 	1026.00 	1062.00 	954.00 	1017.00 	1003.00 	1049.00 	956.00 	: 	: 
DAY_ONC,NR,DK	: 	: 	: 	: 	: 	: 	: 	: 	: 	: 	: 	: 	: 	: 	: 	: 	: 	320.00 	315.00 	336.00 	309.00 	297.00 
DAY_ONC,NR,EL	: 	: 	636.00 	579.00 	553.00 	512.00 	479.00 	443.00 	: 	: 	: 	: 	: 	: 	: 	: 	: 	: 	: 	: 	: 	: 
DAY_ONC,NR,ES	: 	9799 p	9574.00 	9257.00 	8701.00 	8520.00 	8323.00 	7951.00 	7644.00 	7352.00 	6957.00 	6410.00 	: 	: 	: 	: 	: 	: 	: 	: 	: 	: 
DAY_ONC,NR,FR	: 	7298.00 	7113.00 	6977.00 	6672.00 	6560.00 	6273.00 	6052.00 	5710.00 	: 	: 	: 	: 	: 	: 	: 	: 	: 	: 	: 	: 	: 
DAY_ONC,NR,HR	: 	180.00 	160.00 	162.00 	161.00 	172.00 	204.00 	230.00 	214.00 	120.00 	: 	: 	: 	: 	: 	: 	: 	: 	: 	: 	: 	: 
DAY_ONC,NR,IT	: 	2099.00 	2194.00 	2211.00 	2286.00 	2552.00 	2666.00 	2715.00 	2768.00 	2818.00 	3056.00 	3097.00 	3190.00 	3096.00 	3068.00 	3078.00 	2994.00 	2728.00 	2641.00 	2529.00 	2143.00 	2006.00 
DAY_ONC,NR,LI	4.00 	2.00 	4.00 	4.00 	5.00 	3.00 	3.00 	1.00 	1.00 	0.00 	0.00 	0.00 	: 	: 	: 	: 	: 	: 	: 	: 	: 	: 
DAY_ONC,NR,LV	: 	100.00 	: 	: 	: 	: 	: 	: 	: 	: 	: 	: 	: 	: 	: 	: 	: 	: 	: 	: 	: 	: 
DAY_ONC,NR,MK	: 	67.00 	81.00 	66.00 	66.00 	33.00 	37.00 	38.00 	38.00 	38.00 	: 	42.00 	37.00 	37.00 	37.00 	32.00 	32.00 	3.00 	3.00 	0.00 	0.00 	0.00 
DAY_ONC,NR,MT	: 	27.00 	27.00 	27.00 	27.00 	27.00 	: 	: 	: 	: 	: 	: 	: 	: 	: 	: 	: 	: 	: 	: 	: 	: 
DAY_ONC,NR,PL	: 	: 	: 	: 	: 	: 	: 	: 	: 	: 	492.00 	446.00 	428.00 	: 	: 	: 	: 	: 	: 	: 	: 	: 
DAY_ONC,NR,RO	: 	1017.00 	1014.00 	987.00 	692.00 	673.00 	673.00 	616.00 	609.00 	548.00 	421.00 	318.00 	293.00 	274.00 	259.00 	334.00 	: 	: 	: 	: 	: 	: 
DAY_ONC,NR,RS	: 	313.00 	253.00 	221.00 	269.00 	279.00 	279.00 	286.00 	264.00 	260.00 	250.00 	194.00 	198.00 	: 	: 	: 	: 	: 	: 	: 	: 	: 
DAY_ONC,NR,SK	: 	10.00 	10.00 	10.00 	0.00 	10.00 	10.00 	19.00 	19.00 	35.00 	26.00 	4.00 	4.00 	4.00 	4.00 	4.00 	4.00 	4.00 	0.00 	: 	: 	: 
DAY_ONC,P_HTHAB,BE	: 	18.85 	: 	14.10 	13.31 	13.18 	13.54 	12.92 	11.82 	13.51 	13.23 	12.47 	12.03 	11.50 	11.46 	11.97 	12.27 	: 	: 	: 	: 	: 
DAY_ONC,P_HTHAB,BG	: 	5.83 d	4.97 d	: 	: 	: 	: 	: 	: 	: 	: 	: 	: 	: 	: 	: 	: 	: 	: 	: 	: 	: 
DAY_ONC,P_HTHAB,CY	: 	: 	8.16 	7.47 	8.96 	8.22 	7.20 b	3.05 d	3.02 d	3.01 d	3.06 d	3.26 d	3.34 d	3.94 d	: 	: 	: 	: 	: 	: 	: 	: 
DAY_ONC,P_HTHAB,DE	: 	0.54 	0.49 	0.46 	1.23 	1.16 	1.18 	1.15 	1.24 	1.30 	1.22 	1.12 	1.29 	1.25 	1.29 	1.16 	1.23 	1.22 	1.27 	1.16 	: 	: 
DAY_ONC,P_HTHAB,DK	: 	: 	: 	: 	: 	: 	: 	: 	: 	: 	: 	: 	: 	: 	: 	: 	: 	5.92 	5.84 	6.25 	5.77 	5.56 
DAY_ONC,P_HTHAB,EL	: 	: 	5.93 	5.39 	5.14 	4.75 	4.43 	4.07 	: 	: 	: 	: 	: 	: 	: 	: 	: 	: 	: 	: 	: 	: 
DAY_ONC,P_HTHAB,ES	: 	20.69 p	20.31 	19.78 	18.67 	18.33 	17.92 	17.11 	16.40 	15.72 	14.88 	13.76 	: 	: 	: 	: 	: 	: 	: 	: 	: 	: 
DAY_ONC,P_HTHAB,FR	: 	10.83 	10.58 	10.40 	9.97 	9.83 	9.43 	9.13 	8.67 	: 	: 	: 	: 	: 	: 	: 	: 	: 	: 	: 	: 	: 
DAY_ONC,P_HTHAB,HR	: 	4.45 	3.93 	3.96 	3.90 	4.12 	4.85 	5.43 	5.03 	2.81 	: 	: 	: 	: 	: 	: 	: 	: 	: 	: 	: 	: 
DAY_ONC,P_HTHAB,IT	: 	3.53 	3.67 	3.68 	3.78 	4.21 	4.39 	4.47 	4.60 	4.73 	5.15 	5.22 	5.40 	5.26 	5.25 	5.29 	5.16 	4.73 	4.61 	4.43 	3.76 	3.52 
DAY_ONC,P_HTHAB,LI	10.24 	5.14 	10.37 	10.46 	13.17 	7.95 	8.00 	2.68 	2.70 	0.00 	0.00 	0.00 	: 	: 	: 	: 	: 	: 	: 	: 	: 	: 
DAY_ONC,P_HTHAB,LV	: 	5.26 	: 	: 	: 	: 	: 	: 	: 	: 	: 	: 	: 	: 	: 	: 	: 	: 	: 	: 	: 	: 
DAY_ONC,P_HTHAB,MK	: 	3.23 	3.90 	3.18 	3.18 	1.59 	1.79 	1.84 	1.84 	1.84 	: 	2.04 	1.80 	1.81 	1.81 	1.57 	1.57 	0.15 	0.15 	0.00 	0.00 	0.00 
DAY_ONC,P_HTHAB,MT	: 	5.24 	5.36 	5.57 	5.77 	5.93 	: 	: 	: 	: 	: 	: 	: 	: 	: 	: 	: 	: 	: 	: 	: 	: 
DAY_ONC,P_HTHAB,PL	: 	: 	: 	: 	: 	: 	: 	: 	: 	: 	1.29 	1.17 	1.12 	: 	: 	: 	: 	: 	: 	: 	: 	: 
DAY_ONC,P_HTHAB,RO	: 	5.28 	5.23 	5.07 	3.53 	3.42 	3.40 	3.09 	3.05 	2.73 	2.09 	1.57 	1.44 	1.33 	1.24 	1.58 	: 	: 	: 	: 	: 	: 
DAY_ONC,P_HTHAB,RS	: 	4.54 	3.64 	3.17 	3.83 	3.95 	3.93 	4.01 	3.69 	3.61 	3.46 	2.67 	2.70 	: 	: 	: 	: 	: 	: 	: 	: 	: 
DAY_ONC,P_HTHAB,SK	: 	0.18 	0.18 	0.18 	0.00 	0.18 	0.18 	0.35 	0.35 	0.65 	0.48 	0.07 	0.07 	0.07 	0.07 	0.07 	0.07 	0.07 	0.00 	: 	: 	: 
DAY_PSY,NR,BE	: 	3527.00 	: 	2653.00 	2656.00 	2550.00 	2473.00 	1174.00 	1023.00 	1869.00 	2267.00 	2279.00 	2284.00 	2238.00 	2027.00 	2294.00 	2383.00 	2340.00 	2307.00 	: 	: 	: 
DAY_PSY,NR,BG	: 	1250 d	1191 d	1133 d	917 d	908 d	: 	: 	: 	: 	: 	: 	: 	: 	: 	: 	: 	: 	: 	: 	: 	: 
DAY_PSY,NR,CY	: 	: 	0.00 	0.00 	0.00 	0.00 	0.00 	0.00 	0.00 	0.00 	0.00 	0.00 	0.00 	0.00 	: 	: 	: 	: 	: 	: 	: 	: 
DAY_PSY,NR,DE	: 	22861.00 	21246.00 	20297.00 	21044.00 	19909.00 	19464.00 	18753.00 	17686.00 	16773.00 	15457.00 	15496.00 	14084.00 	13458.00 	12802.00 	11922.00 	11366.00 	10789.00 	10292.00 	9541.00 	9327.00 	8667.00 
DAY_PSY,NR,DK	: 	: 	: 	: 	: 	: 	: 	: 	: 	: 	: 	: 	: 	: 	: 	: 	: 	3594.00 	3550.00 	3690.00 	3816.00 	3841.00 
DAY_PSY,NR,EL	: 	: 	107.00 	100.00 	120.00 	119.00 	118.00 	97.00 	: 	: 	: 	: 	: 	: 	: 	: 	: 	: 	: 	: 	: 	: 
DAY_PSY,NR,ES	: 	4615 p	4694.00 	4592.00 	4381.00 	4366.00 	4171.00 	4018.00 	3942.00 	3848.00 	3366.00 	3068.00 	: 	: 	: 	: 	: 	: 	: 	: 	: 	: 
DAY_PSY,NR,FR	: 	29579.00 	29767.00 	29610.00 	29512.00 	29657.00 	29357.00 	29245.00 	29065 b	28871.00 	28424.00 	28285.00 	27995.00 	27725.00 	27156.00 	26741.00 	26552.00 	26612.00 	26382.00 	26603.00 	26396.00 	26322.00 
DAY_PSY,NR,HR	: 	1319.00 	1333.00 	1308.00 	1272.00 	1323.00 	1262.00 	1125.00 	1044.00 	920.00 	: 	: 	: 	: 	: 	: 	: 	: 	: 	: 	: 	: 
DAY_PSY,NR,IT	: 	428.00 	459.00 	444.00 	506.00 	482.00 	499.00 	529.00 	676.00 	603.00 	631.00 	701.00 	747.00 	775.00 	809.00 	835.00 	820.00 	798.00 	802.00 	1028.00 	691.00 	738.00 
DAY_PSY,NR,LI	0.00 	0.00 	0.00 	0.00 	0.00 	0.00 	0.00 	0.00 	0.00 	0.00 	0.00 	0.00 	: 	: 	: 	: 	: 	: 	: 	: 	: 	: 
DAY_PSY,NR,LU	134.00 	134.00 	134.00 	: 	: 	: 	: 	: 	: 	: 	: 	: 	: 	: 	: 	: 	: 	: 	: 	: 	: 	: 
DAY_PSY,NR,LV	: 	227.00 	215.00 	202.00 	212.00 	197.00 	197.00 	187.00 	185.00 	155.00 	120.00 	120.00 	120.00 	125.00 	140.00 	115.00 	165.00 	100.00 	109.00 	123.00 	102.00 	100.00 
DAY_PSY,NR,MK	: 	12.00 	11.00 	12.00 	12.00 	10.00 	10.00 	10.00 	10.00 	10.00 	: 	10.00 	10.00 	10.00 	10.00 	142.00 	362.00 	362.00 	362.00 	392.00 	405.00 	345.00 
DAY_PSY,NR,PL	: 	: 	: 	: 	: 	: 	: 	: 	: 	: 	1196.00 	1160.00 	1149.00 	: 	: 	: 	: 	: 	: 	: 	: 	: 
DAY_PSY,NR,RO	: 	320.00 	333.00 	280.00 	279.00 	286.00 	276.00 	283.00 	280.00 	270.00 	217.00 	300.00 	143.00 	171.00 	210.00 	199.00 	: 	: 	: 	: 	: 	: 
DAY_PSY,NR,RS	: 	1153.00 	1152.00 	1152.00 	1067.00 	1157.00 	1102.00 	1071.00 	1115.00 	1073.00 	1092.00 	1049.00 	1014.00 	: 	: 	: 	: 	: 	: 	: 	: 	: 
DAY_PSY,NR,SK	: 	544.00 	502.00 	556.00 	541.00 	531.00 	577.00 	611.00 	503.00 	432.00 	477.00 	480.00 	456.00 	347.00 	305.00 	237.00 	364.00 	503.00 	441.00 	: 	: 	: 
DAY_PSY,P_HTHAB,BE	: 	30.55 	: 	23.22 	23.35 	22.50 	21.94 	10.47 	9.17 	16.83 	20.54 	20.87 	21.16 	20.90 	19.08 	21.75 	22.74 	22.45 	22.23 	: 	: 	: 
DAY_PSY,P_HTHAB,BG	: 	18.03 d	17.07 d	16.13 d	12.96 d	12.74 d	: 	: 	: 	: 	: 	: 	: 	: 	: 	: 	: 	: 	: 	: 	: 	: 
DAY_PSY,P_HTHAB,CY	: 	: 	0.00 	0.00 	0.00 	0.00 	0.00 	0.00 	0.00 	0.00 	0.00 	0.00 	0.00 	0.00 	: 	: 	: 	: 	: 	: 	: 	: 
DAY_PSY,P_HTHAB,DE	: 	27.49 	25.57 	24.48 	25.46 	24.18 	23.83 	23.16 	21.93 	20.86 	19.26 	19.13 	17.20 	16.39 	15.56 	14.47 	13.78 	13.07 	12.47 	11.57 	11.33 	10.54 
DAY_PSY,P_HTHAB,DK	: 	: 	: 	: 	: 	: 	: 	: 	: 	: 	: 	: 	: 	: 	: 	: 	: 	66.50 	65.86 	68.64 	71.21 	71.93 
DAY_PSY,P_HTHAB,EL	: 	: 	1.00 	0.93 	1.12 	1.10 	1.09 	0.89 	: 	: 	: 	: 	: 	: 	: 	: 	: 	: 	: 	: 	: 	: 
DAY_PSY,P_HTHAB,ES	: 	9.74 p	9.96 	9.81 	9.40 	9.39 	8.98 	8.64 	8.46 	8.23 	7.20 	6.59 	: 	: 	: 	: 	: 	: 	: 	: 	: 	: 
DAY_PSY,P_HTHAB,FR	: 	43.90 	44.26 	44.13 	44.10 	44.45 	44.11 	44.10 	44.12 b	44.12 	43.64 	43.64 	43.40 	43.20 	42.55 	42.15 	42.15 	42.56 	42.50 	43.16 	43.13 	43.32 
DAY_PSY,P_HTHAB,HR	: 	32.59 	32.77 	31.97 	30.80 	31.71 	29.99 	26.56 	24.54 	21.55 	: 	: 	: 	: 	: 	: 	: 	: 	: 	: 	: 	: 
DAY_PSY,P_HTHAB,IT	: 	0.72 	0.77 	0.74 	0.84 	0.80 	0.82 	0.87 	1.12 	1.01 	1.06 	1.18 	1.26 	1.32 	1.38 	1.44 	1.41 	1.38 	1.40 	1.80 	1.21 	1.30 
DAY_PSY,P_HTHAB,LI	0.00 	0.00 	0.00 	0.00 	0.00 	0.00 	0.00 	0.00 	0.00 	0.00 	0.00 	0.00 	: 	: 	: 	: 	: 	: 	: 	: 	: 	: 
DAY_PSY,P_HTHAB,LU	21.11 	21.26 	21.61 	: 	: 	: 	: 	: 	: 	: 	: 	: 	: 	: 	: 	: 	: 	: 	: 	: 	: 	: 
DAY_PSY,P_HTHAB,LV	: 	11.94 	11.23 	10.48 	10.92 	10.05 	9.96 	9.38 	9.19 	7.62 	5.83 	5.72 	5.60 	5.74 	6.36 	5.18 	7.37 	4.42 	4.76 	5.32 	4.36 	4.22 
DAY_PSY,P_HTHAB,MK	: 	0.58 	0.53 	0.58 	0.58 	0.48 	0.48 	0.48 	0.48 	0.49 	: 	0.49 	0.49 	0.49 	0.49 	6.96 	17.77 	17.81 	17.86 	19.30 	19.90 	17.03 
DAY_PSY,P_HTHAB,PL	: 	: 	: 	: 	: 	: 	: 	: 	: 	: 	3.14 	3.05 	3.02 	: 	: 	: 	: 	: 	: 	: 	: 	: 
DAY_PSY,P_HTHAB,RO	: 	1.66 	1.72 	1.44 	1.42 	1.45 	1.39 	1.42 	1.40 	1.35 	1.08 	1.48 	0.70 	0.83 	1.01 	0.94 	: 	: 	: 	: 	: 	: 
DAY_PSY,P_HTHAB,RS	: 	16.71 	16.59 	16.50 	15.20 	16.39 	15.53 	15.02 	15.56 	14.90 	15.10 	14.41 	13.85 	: 	: 	: 	: 	: 	: 	: 	: 	: 
DAY_PSY,P_HTHAB,SK	: 	9.97 	9.20 	10.21 	9.95 	9.78 	10.64 	11.28 	9.29 	7.99 	8.84 	8.90 	8.47 	6.45 	5.67 	4.41 	6.77 	9.36 	8.21 	: 	: 	: 
DAY_SUR,NR,BE	: 	3772.00 	: 	3587.00 	3479.00 	3291.00 	3243.00 	3118.00 	2788.00 	2247.00 	2177.00 	2039.00 	2003.00 	1949.00 	1920.00 	1958.00 	2162.00 	: 	: 	: 	: 	: 
DAY_SUR,NR,BG	: 	352 d	273 d	: 	: 	: 	: 	: 	: 	: 	: 	: 	: 	: 	: 	: 	: 	: 	: 	: 	: 	: 
DAY_SUR,NR,CY	: 	: 	99.00 	90.00 	78.00 	77.00 	75 b	21 d	5 d	5 d	5 d	8 d	8 d	8 d	: 	: 	: 	: 	: 	: 	: 	: 
DAY_SUR,NR,DE	: 	129.00 	125.00 	174.00 	314.00 	281.00 	59.00 	60.00 	69.00 	73.00 	53.00 	47.00 	59.00 	71.00 	79.00 	68.00 	72.00 	80.00 	73.00 	84.00 	: 	: 
DAY_SUR,NR,DK	: 	: 	: 	: 	: 	: 	: 	: 	: 	: 	: 	: 	: 	: 	: 	: 	: 	7756.00 	7964.00 	8367.00 	8008.00 	8215.00 
DAY_SUR,NR,EL	: 	: 	250.00 	269.00 	281.00 	221.00 	: 	: 	: 	: 	: 	: 	: 	: 	: 	: 	: 	: 	: 	: 	: 	: 
DAY_SUR,NR,ES	: 	3423 p	3346.00 	3309.00 	3207.00 	3154.00 	3225.00 	2855.00 	2892.00 	3008.00 	2838.00 	2562.00 	: 	: 	: 	: 	: 	: 	: 	: 	: 	: 
DAY_SUR,NR,FR	: 	19388.00 	18971.00 	18837.00 	18353.00 	17953.00 	17147.00 	16334.00 	15856 b	15272.00 	14110.00 	13346.00 	12460.00 	11612.00 	10646.00 	10039.00 	9633.00 	9245.00 	8786.00 	8447.00 	8007.00 	7641.00 
DAY_SUR,NR,HR	: 	804.00 	796.00 	748.00 	692.00 	615.00 	483.00 	324.00 	244.00 	199.00 	: 	: 	: 	: 	: 	: 	: 	: 	: 	: 	: 	: 
DAY_SUR,NR,IT	: 	7630.00 	8359.00 	8353.00 	8172.00 	8234.00 	8197.00 	7877.00 	8102.00 	8139.00 	8013.00 	7841.00 	7839.00 	8047.00 	6555.00 	: 	: 	: 	: 	: 	: 	: 
DAY_SUR,NR,LI	11.00 	13.00 	13.00 	13.00 	12.00 	11.00 	11.00 	13.00 	13.00 	7.00 	7.00 	7.00 	: 	: 	: 	: 	: 	: 	: 	: 	: 	: 
DAY_SUR,NR,LU	97.00 	97.00 	97.00 	: 	: 	: 	: 	: 	: 	: 	: 	: 	: 	: 	: 	: 	: 	: 	: 	: 	: 	: 
DAY_SUR,NR,LV	: 	652.00 	: 	: 	: 	: 	: 	: 	: 	: 	: 	: 	: 	: 	: 	: 	: 	: 	: 	: 	: 	: 
DAY_SUR,NR,MK	: 	0.00 	0.00 	0.00 	0.00 	0.00 	0.00 	0.00 	0.00 	0.00 	0.00 	0.00 	0.00 	0.00 	0.00 	0.00 	0.00 	0.00 	0.00 	: 	: 	: 
DAY_SUR,NR,PL	: 	: 	: 	: 	: 	: 	: 	: 	: 	: 	855.00 	1036.00 	1076.00 	: 	: 	: 	: 	: 	: 	: 	: 	: 
DAY_SUR,NR,RO	: 	871.00 	899.00 	846.00 	840.00 	892.00 	842.00 	784.00 	637.00 	578.00 	611.00 	565.00 	479.00 	499.00 	680.00 	408.00 	: 	: 	: 	: 	: 	: 
DAY_SUR,NR,RS	: 	885.00 	772.00 	564.00 	678.00 	643.00 	628.00 	649.00 	635.00 	538.00 	544.00 	516.00 	481.00 	: 	: 	: 	: 	: 	: 	: 	: 	: 
DAY_SUR,NR,SK	: 	2943.00 	2950.00 	2987.00 	2815.00 	2775.00 	2659.00 	2770.00 	2304.00 	2057.00 	1857.00 	1589.00 	1437.00 	906.00 	803.00 	647.00 	689.00 	638.00 	654.00 	: 	: 	: 
DAY_SUR,P_HTHAB,BE	: 	32.67 	: 	31.39 	30.58 	29.04 	28.76 	27.82 	24.98 	20.23 	19.72 	18.67 	18.55 	18.20 	18.07 	18.56 	20.63 	: 	: 	: 	: 	: 
DAY_SUR,P_HTHAB,BG	: 	5.08 d	3.91 d	: 	: 	: 	: 	: 	: 	: 	: 	: 	: 	: 	: 	: 	: 	: 	: 	: 	: 	: 
DAY_SUR,P_HTHAB,CY	: 	: 	11.23 	10.34 	9.07 	9.04 	8.85 b	2.46 d	0.58 d	0.58 d	0.59 d	0.96 d	0.99 d	1.02 d	: 	: 	: 	: 	: 	: 	: 	: 
DAY_SUR,P_HTHAB,DE	: 	0.16 	0.15 	0.21 	0.38 	0.34 	0.07 	0.07 	0.09 	0.09 	0.07 	0.06 	0.07 	0.09 	0.10 	0.08 	0.09 	0.10 	0.09 	0.10 	: 	: 
DAY_SUR,P_HTHAB,DK	: 	: 	: 	: 	: 	: 	: 	: 	: 	: 	: 	: 	: 	: 	: 	: 	: 	143.51 	147.74 	155.64 	149.44 	153.85 
DAY_SUR,P_HTHAB,EL	: 	: 	2.33 	2.51 	2.61 	2.05 	: 	: 	: 	: 	: 	: 	: 	: 	: 	: 	: 	: 	: 	: 	: 	: 
DAY_SUR,P_HTHAB,ES	: 	7.23 p	7.10 	7.07 	6.88 	6.79 	6.94 	6.14 	6.20 	6.43 	6.07 	5.50 	: 	: 	: 	: 	: 	: 	: 	: 	: 	: 
DAY_SUR,P_HTHAB,FR	: 	28.77 	28.21 	28.07 	27.43 	26.91 	25.77 	24.63 	24.07 b	23.34 	21.67 	20.59 	19.32 	18.09 	16.68 	15.83 	15.29 	14.78 	14.15 	13.70 	13.08 	12.58 
DAY_SUR,P_HTHAB,HR	: 	19.87 	19.57 	18.28 	16.76 	14.74 	11.48 	7.65 	5.74 	4.66 	: 	: 	: 	: 	: 	: 	: 	: 	: 	: 	: 	: 
DAY_SUR,P_HTHAB,IT	: 	12.83 	13.99 	13.89 	13.50 	13.58 	13.50 	12.96 	13.45 	13.67 	13.49 	13.23 	13.26 	13.68 	11.22 	: 	: 	: 	: 	: 	: 	: 
DAY_SUR,P_HTHAB,LI	28.17 	33.42 	33.71 	33.99 	31.61 	29.17 	29.34 	34.90 	35.15 	19.10 	19.28 	19.43 	: 	: 	: 	: 	: 	: 	: 	: 	: 	: 
DAY_SUR,P_HTHAB,LU	15.28 	15.39 	15.65 	: 	: 	: 	: 	: 	: 	: 	: 	: 	: 	: 	: 	: 	: 	: 	: 	: 	: 	: 
DAY_SUR,P_HTHAB,LV	: 	34.31 	: 	: 	: 	: 	: 	: 	: 	: 	: 	: 	: 	: 	: 	: 	: 	: 	: 	: 	: 	: 
DAY_SUR,P_HTHAB,MK	: 	0.00 	0.00 	0.00 	0.00 	0.00 	0.00 	0.00 	0.00 	0.00 	0.00 	0.00 	0.00 	0.00 	0.00 	0.00 	0.00 	0.00 	0.00 	: 	: 	: 
DAY_SUR,P_HTHAB,PL	: 	: 	: 	: 	: 	: 	: 	: 	: 	: 	2.25 	2.72 	2.83 	: 	: 	: 	: 	: 	: 	: 	: 	: 
DAY_SUR,P_HTHAB,RO	: 	4.52 	4.64 	4.34 	4.29 	4.53 	4.25 	3.94 	3.19 	2.88 	3.03 	2.79 	2.35 	2.43 	3.26 	1.93 	: 	: 	: 	: 	: 	: 
DAY_SUR,P_HTHAB,RS	: 	12.83 	11.12 	8.08 	9.66 	9.11 	8.85 	9.10 	8.86 	7.47 	7.52 	7.09 	6.57 	: 	: 	: 	: 	: 	: 	: 	: 	: 
DAY_SUR,P_HTHAB,SK	: 	53.91 	54.09 	54.84 	51.75 	51.10 	49.02 	51.12 	42.56 	38.04 	34.40 	29.47 	26.68 	16.84 	14.94 	12.04 	12.82 	11.88 	12.17 	: 	: 	: 
OPER,NR,AT	: 	420 de	410 bde	350 de	337 de	308 de	297 de	296 de	296 de	291 de	290 de	288 de	286 de	294 de	304 de	314 de	318 de	320 de	308 de	314 de	316 de	317 de
OPER,NR,BE	: 	1335.00 	: 	1414.00 	1393.00 	1341.00 	1336.00 	1274.00 	1188.00 	1258.00 	1241.00 	1220.00 	1203.00 	1187.00 	1155.00 	1141.00 	1166.00 	: 	: 	: 	: 	: 
OPER,NR,CH	: 	1026.00 	1033.00 	1017.00 	1015.00 	997.00 	988.00 	986.00 	961.00 	970.00 	975.00 	956 b	1001.00 	1000.00 	1000.00 	997.00 	993.00 	995.00 	1009.00 	993.00 	982.00 	995.00 
OPER,NR,CY	: 	: 	141.00 	144.00 	121.00 	140.00 	122 b	28 d	28 d	24 d	: 	: 	: 	29 d	: 	: 	: 	: 	: 	: 	: 	: 
OPER,NR,CZ	: 	926.00 	909.00 	866.00 	876.00 	895.00 	950.00 	976.00 	999.00 	993.00 	993.00 	996.00 	1014.00 	1009.00 	994.00 	1010.00 	1025.00 	1041.00 	1027.00 	1024.00 	: 	: 
OPER,NR,DK	: 	: 	: 	: 	: 	: 	: 	: 	: 	: 	: 	: 	: 	: 	: 	: 	: 	20646.00 	21480.00 	22225.00 	22421.00 	22742.00 
OPER,NR,EE	: 	135.00 	136.00 	134.00 	132.00 	136.00 	134.00 	132.00 	126.00 	: 	: 	: 	: 	: 	: 	: 	: 	: 	: 	: 	: 	: 
OPER,NR,EL	: 	: 	1237.00 	1334.00 	1333.00 	1309.00 	1275.00 	1286.00 	: 	: 	: 	: 	: 	: 	: 	: 	: 	: 	: 	: 	: 	: 
OPER,NR,ES	: 	4525 p	4619.00 	4573.00 	4533.00 	4448.00 	4421.00 	4352.00 	4307.00 	4267.00 	4202.00 	4120 b	4063.00 	3975.00 	3865.00 	3971.00 	3918.00 	3895.00 	3785.00 	3781.00 	3759.00 	3742.00 
OPER,NR,FR	: 	10657.00 	10779.00 	10777.00 	10774.00 	10788.00 	10991.00 	11337.00 	11505.00 	: 	: 	: 	: 	: 	: 	: 	: 	: 	: 	: 	: 	: 
OPER,NR,HR	: 	461.00 	449.00 	452.00 	450.00 	470.00 	420.00 	412.00 	374.00 	403.00 	: 	: 	: 	: 	: 	: 	: 	: 	: 	: 	: 	: 
OPER,NR,HU	: 	: 	: 	: 	: 	: 	: 	: 	: 	1014.00 	: 	: 	1021.00 	: 	: 	1422.00 	: 	: 	1420.00 	: 	: 	1316.00 
OPER,NR,IE	: 	269.00 	269.00 	266.00 	265.00 	242 b	245.00 	243.00 	225.00 	222.00 	221.00 	: 	: 	: 	: 	: 	: 	: 	: 	: 	: 	: 
OPER,NR,IT	: 	6291.00 	6260.00 	6164.00 	6191.00 	6139.00 	6173.00 	6095.00 	6078.00 	6118.00 	6092.00 	6088.00 	6046.00 	6078.00 	6058.00 	5931.00 	5750.00 	5474.00 	5512.00 	5422.00 	5250.00 	5213.00 
OPER,NR,LI	4.00 	4.00 	4.00 	4.00 	6.00 	4.00 	4.00 	4.00 	4.00 	4.00 	4.00 	4.00 	2.00 	2.00 	2.00 	2.00 	2.00 	2.00 	2.00 	2.00 	2.00 	2.00 
OPER,NR,LU	59.00 	58.00 	58.00 	58.00 	58 b	51.00 	51.00 	51.00 	52.00 	52.00 	52.00 	52.00 	: 	: 	: 	: 	: 	: 	: 	: 	: 	: 
OPER,NR,LV	: 	162 b	313.00 	319.00 	297.00 	314.00 	292.00 	274.00 	259.00 	241.00 	224.00 	197.00 	201.00 	162.00 	197.00 	135.00 	98.00 	: 	: 	: 	: 	: 
OPER,NR,MT	: 	52.00 	50.00 	52.00 	52.00 	48.00 	46.00 	44.00 	44.00 	41.00 	42.00 	45.00 	45.00 	42.00 	47.00 	34.00 	34.00 	: 	: 	: 	: 	: 
OPER,NR,NL	: 	1134 p	1205.00 	1195.00 	1167.00 	1225.00 	1177.00 	: 	: 	: 	: 	: 	: 	: 	: 	: 	: 	: 	: 	: 	: 	: 
OPER,NR,PL	: 	3507.00 	3539.00 	3587.00 	3587.00 	3568.00 	3551.00 	3528.00 	3279.00 	3381.00 	3142.00 	3154.00 	3163.00 	: 	: 	: 	: 	: 	: 	: 	: 	: 
OPER,NR,PT	: 	907.00 	908.00 	891.00 	890.00 	908.00 	894.00 	902.00 	906.00 	892.00 	860.00 	827.00 	831.00 	835.00 	812.00 	781.00 	757.00 	763.00 	754.00 	750.00 	729.00 	726.00 
OPER,NR,RO	: 	1951.00 	1953.00 	1914.00 	1894.00 	1875.00 	1891.00 	1860.00 	1846.00 	1814.00 	1806.00 	1768.00 	1713.00 	1691.00 	1616.00 	1661.00 	1628.00 	: 	: 	: 	: 	: 
OPER,NR,RS	: 	569.00 	569.00 	569.00 	569.00 	569 b	548.00 	559.00 	564.00 	549.00 	499.00 	480.00 	502.00 	497.00 	: 	: 	: 	: 	: 	: 	: 	: 
OPER,NR,SI	: 	179.00 	179.00 	179.00 	177.00 	170.00 	168.00 	147.00 	144.00 	155.00 	154.00 	148.00 	: 	: 	: 	: 	: 	: 	: 	: 	: 	: 
OPER,NR,TR	: 	6780.00 	6784.00 	6658.00 	6403.00 	6126.00 	5809.00 	5682.00 	5526.00 	5697.00 	5206.00 	5206.00 	4955.00 	4720.00 	: 	: 	: 	: 	: 	: 	: 	: 
OPER,NR,UK	: 	: 	: 	: 	: 	3826.00 e	3824.00 e	3800.00 e	3776.00 e	3684.00 e	3636.00 e	3739.00 e	3688.00 e	3640.00 e	3558.00 e	3553.00 e	3550.00 e	3492.00 e	3446.00 e	3306.00 e	2995.00 e	2953.00 e
OPER,P_HTHAB,AT	: 	4.71 de	4.62 bde	3.96 de	3.83 de	3.53 de	3.44 de	3.46 de	3.49 de	3.45 de	3.46 de	3.44 de	3.43 de	3.53 de	3.66 de	3.80 de	3.86 de	3.92 de	3.79 de	3.89 de	3.93 de	3.96 de
OPER,P_HTHAB,BE	: 	11.56 	: 	12.37 	12.25 	11.83 	11.85 	11.37 	10.65 	11.33 	11.24 	11.17 	11.14 	11.08 	10.87 	10.82 	11.13 	: 	: 	: 	: 	: 
OPER,P_HTHAB,CH	: 	11.88 	12.05 	11.94 	12.01 	11.91 	11.93 	12.04 	11.88 	12.13 	12.32 	12.21 b	12.93 	13.08 	13.24 	13.32 	13.35 	13.46 	13.75 	13.63 	13.58 	13.85 
OPER,P_HTHAB,CY	: 	: 	15.99 	16.55 	14.08 	16.44 	14.39 b	3.28 d	3.25 d	2.78 d	: 	: 	: 	3.69 d	: 	: 	: 	: 	: 	: 	: 	: 
OPER,P_HTHAB,CZ	: 	8.66 	8.52 	8.15 	8.27 	8.47 	9.01 	9.27 	9.50 	9.45 	9.46 	9.51 	9.71 	9.72 	9.65 	9.86 	10.04 	10.21 	10.07 	10.04 	: 	: 
OPER,P_HTHAB,DK	: 	: 	: 	: 	: 	: 	: 	: 	: 	: 	: 	: 	: 	: 	: 	: 	: 	382.01 	398.47 	413.42 	418.40 	425.91 
OPER,P_HTHAB,EE	: 	10.15 	10.25 	10.14 	10.02 	10.34 	10.19 	10.04 	9.56 	: 	: 	: 	: 	: 	: 	: 	: 	: 	: 	: 	: 	: 
OPER,P_HTHAB,EL	: 	: 	11.54 	12.43 	12.39 	12.15 	11.78 	11.81 	: 	: 	: 	: 	: 	: 	: 	: 	: 	: 	: 	: 	: 	: 
OPER,P_HTHAB,ES	: 	9.55 p	9.80 	9.77 	9.73 	9.57 	9.52 	9.36 	9.24 	9.12 	8.99 	8.85 b	8.76 	8.65 	8.55 	8.94 	8.98 	9.07 	8.97 	9.13 	9.20 	9.22 
OPER,P_HTHAB,FR	: 	15.82 	16.03 	16.06 	16.10 	16.17 	16.52 	17.10 	17.46 	: 	: 	: 	: 	: 	: 	: 	: 	: 	: 	: 	: 	: 
OPER,P_HTHAB,HR	: 	11.39 	11.04 	11.05 	10.90 	11.26 	9.98 	9.73 	8.79 	9.44 	: 	: 	: 	: 	: 	: 	: 	: 	: 	: 	: 	: 
OPER,P_HTHAB,HU	: 	: 	: 	: 	: 	: 	: 	: 	: 	10.22 	: 	: 	10.19 	: 	: 	14.12 	: 	: 	14.02 	: 	: 	12.89 
OPER,P_HTHAB,IE	: 	5.40 	5.45 	5.47 	5.51 	5.09 b	5.21 	5.22 	4.87 	4.83 	4.83 	: 	: 	: 	: 	: 	: 	: 	: 	: 	: 	: 
OPER,P_HTHAB,IT	: 	10.58 	10.48 	10.25 	10.23 	10.13 	10.16 	10.03 	10.09 	10.28 	10.26 	10.27 	10.23 	10.33 	10.37 	10.20 	9.92 	9.49 	9.62 	9.50 	9.21 	9.15 
OPER,P_HTHAB,LI	10.24 	10.28 	10.37 	10.46 	15.81 	10.61 	10.67 	10.74 	10.82 	10.91 	11.02 	11.10 	5.60 	5.64 	5.67 	5.71 	5.75 	5.81 	5.87 	5.94 	6.03 	6.13 
OPER,P_HTHAB,LU	9.30 	9.20 	9.35 	9.54 	9.73 b	8.74 	8.95 	9.17 	9.57 	9.79 	10.03 	10.26 	: 	: 	: 	: 	: 	: 	: 	: 	: 	: 
OPER,P_HTHAB,LV	: 	8.52 b	16.35 	16.55 	15.29 	16.02 	14.77 	13.74 	12.87 	11.85 	10.88 	9.39 	9.39 	7.44 	8.95 	6.09 	4.38 	: 	: 	: 	: 	: 
OPER,P_HTHAB,MT	: 	10.09 	9.92 	10.73 	11.11 	10.54 	10.34 	10.13 	10.33 	9.76 	10.09 	10.86 	10.91 	10.26 	11.56 	8.39 	8.42 	: 	: 	: 	: 	: 
OPER,P_HTHAB,NL	: 	6.50 p	6.95 	6.93 	6.81 	7.19 	6.95 	: 	: 	: 	: 	: 	: 	: 	: 	: 	: 	: 	: 	: 	: 	: 
OPER,P_HTHAB,PL	: 	9.25 	9.32 	9.45 	9.45 	9.40 	9.35 	9.28 	8.62 	8.88 	8.25 	8.29 	8.31 	: 	: 	: 	: 	: 	: 	: 	: 	: 
OPER,P_HTHAB,PT	: 	8.81 	8.83 	8.66 	8.64 	8.79 	8.63 	8.67 	8.66 	8.48 	8.15 	7.82 	7.86 	7.91 	7.70 	7.42 	7.21 	7.28 	7.21 	7.20 	7.03 	7.06 
OPER,P_HTHAB,RO	: 	10.13 	10.08 	9.83 	9.67 	9.52 	9.54 	9.34 	9.24 	9.04 	8.96 	8.73 	8.41 	8.23 	7.74 	7.84 	7.64 	: 	: 	: 	: 	: 
OPER,P_HTHAB,RS	: 	8.25 	8.19 	8.15 	8.10 	8.06 b	7.72 	7.84 	7.87 	7.63 	6.90 	6.59 	6.86 	6.76 	: 	: 	: 	: 	: 	: 	: 	: 
OPER,P_HTHAB,SI	: 	8.51 	8.57 	8.63 	8.57 	8.23 	8.14 	7.13 	6.99 	7.53 	7.50 	7.22 	: 	: 	: 	: 	: 	: 	: 	: 	: 	: 
OPER,P_HTHAB,TR	: 	8.13 	8.22 	8.18 	7.97 	7.73 	7.43 	7.36 	7.26 	7.58 	7.01 	7.12 	6.88 	6.64 	: 	: 	: 	: 	: 	: 	: 	: 
OPER,P_HTHAB,UK	: 	: 	: 	: 	: 	5.83 	5.87 e	5.88 e	5.89 e	5.78 e	5.75 e	5.96 e	5.92 e	5.89 e	5.80 e	5.84 e	5.88 e	5.82 e	5.78 e	5.57 e	5.07 e	5.01 e
