original_lon,original_lat,distance,formatted,lat,lon,KEY,name,housenumber,street,suburb,postcode,state_code,district,city,county,state,country,country_code,attribution,attribution_license,attribution_url
"2,42233","48,87912",0.111195079952792,"41 Avenue Du Maréchal Juin, 93260 Les Lilas, France",48.879121,2.42233,"2,4223348,87912",,41,Avenue Du Maréchal Juin,,93260,,Les Lilas,Les Lilas,Seine-Saint-Denis,Ile-of-France,France,fr,© OpenAddresses contributors,BSD-3-Clause License,
"2,5251267999","48,9158291",0.0183697569617711,"64 Avenue De Sully, 93190 Livry-Gargan, France",48.915829,2.525127,"2,525126799948,9158291",,64,Avenue De Sully,,93190,,Livry-Gargan,Livry-Gargan,Seine-Saint-Denis,Ile-of-France,France,fr,© OpenAddresses contributors,BSD-3-Clause License,
"2,5233647","48,918317599",0,"Clinique Vauban, Avenue Vauban, 93190 Livry-Gargan, France",48.9184072,2.52307155431713,"2,523364748,918317599",Clinique Vauban,,Avenue Vauban,Danton,93190,,,Livry-Gargan,Seine-Saint-Denis,Ile-de-France,France,fr,© OpenStreetMap contributors,Open Database License,https://www.openstreetmap.org/copyright
"2,3552027","48,9296687",0,"Clinique Porte de Paris, Rue Bobby Sands, 93200 Saint-Denis, France",48.9296897,2.35533030801368,"2,355202748,9296687",Clinique Porte de Paris,,Rue Bobby Sands,Grand Centre Ville,93200,,,Saint-Denis,Seine-Saint-Denis,Ile-de-France,France,fr,© OpenStreetMap contributors,Open Database License,https://www.openstreetmap.org/copyright
"2,367401","48,955076",1.62267485107692,"Rue d'Amiens, 93240 Stains, France",48.9541784,2.3678467,"2,36740148,955076",Rue d'Amiens,,Rue d'Amiens,,93240,,Clos-Saint-Lazare,Stains,Seine-Saint-Denis,Ile-de-France,France,fr,© OpenStreetMap contributors,Open Database License,https://www.openstreetmap.org/copyright
"2,334449","48,916583",0,"23 Rue du Landy, 93200 Saint-Ouen-sur-Seine, France",48.916583,2.334449,"2,33444948,916583",,23,Rue du Landy,Pleyel - Confluence,93200,,Vieux Saint-Ouen,Saint-Ouen-sur-Seine,Seine-Saint-Denis,Ile-de-France,France,fr,© OpenStreetMap contributors,Open Database License,https://www.openstreetmap.org/copyright
"2,572791","48,940967",0.111195079952792,"38 Rue De Flandre, 93290 Tremblay-en-France, France",48.940968,2.572791,"2,57279148,940967",,38,Rue De Flandre,,93290,,Tremblay-en-France,Tremblay-en-France,Seine-Saint-Denis,Ile-of-France,France,fr,© OpenAddresses contributors,BSD-3-Clause License,
"2,3463165","48,940878299",4.35624747372911,"Centre Cardiologique du Nord, Rue Maurice Thorez, 93200 Saint-Denis, France",48.941085,2.34690765933693,"2,346316548,940878299",Centre Cardiologique du Nord,,Rue Maurice Thorez,Delaunay - Belleville - Semard,93200,,Delaunay - Belleville,Saint-Denis,Seine-Saint-Denis,Ile-de-France,France,fr,© OpenStreetMap contributors,Open Database License,https://www.openstreetmap.org/copyright
"2,45686","48,887587",2.34576157548898,"1 Boulevard Roger Salengro, 93130 Noisy-le-Sec, France",48.887601,2.456836,"2,4568648,887587",,1,Boulevard Roger Salengro,,93130,,Noisy-le-Sec,Noisy-le-Sec,Seine-Saint-Denis,Ile-of-France,France,fr,© OpenAddresses contributors,BSD-3-Clause License,
"2,318808","48,951143",1.58491289482403,"93800 Épinay-sur-Seine, France",48.9511665,2.3185118,"2,31880848,951143",,,,Les Mobiles-La Briche-Les Béatus-Blumenthal,93800,,,Épinay-sur-Seine,Seine-Saint-Denis,Ile-de-France,France,fr,© OpenStreetMap contributors,Open Database License,https://www.openstreetmap.org/copyright
"2,536351","48,963747",0,"Établissement Hospitalier Sainte-Marie, Place de la Mairie, 93420 Villepinte, France",48.9630503,2.53546555580196,"2,53635148,963747",Établissement Hospitalier Sainte-Marie,,Place de la Mairie,,93420,,,Villepinte,Seine-Saint-Denis,Ile-de-France,France,fr,© OpenStreetMap contributors,Open Database License,https://www.openstreetmap.org/copyright
"2,4661313","48,894044699",2.85031514387588,"Rue Jean Moulin, 93130 Noisy-le-Sec, France",48.894063,2.466104,"2,466131348,894044699",,,Rue Jean Moulin,,93130,,Noisy-le-Sec,Noisy-le-Sec,Seine-Saint-Denis,Ile-of-France,France,fr,© OpenStreetMap contributors,Open Database License,https://www.openstreetmap.org/copyright
"2,355497","48,93516",0,"4 Rue Franklin, 93200 Saint-Denis, France",48.93516,2.355497,"2,35549748,93516",,4,Rue Franklin,,93200,,Saint-Denis,Saint-Denis,Seine-Saint-Denis,Ile-of-France,France,fr,© OpenAddresses contributors,BSD-3-Clause License,
"2,4480396","48,8667649",52.5734415683548,"8 Rue Rochebrune, 93100 Montreuil, France",48.867146,2.448465,"2,448039648,8667649",,8,Rue Rochebrune,,93100,,Montreuil,Montreuil,Seine-Saint-Denis,Ile-of-France,France,fr,© OpenAddresses contributors,BSD-3-Clause License,
"2,5635474","48,8655648",0.391573268536641,"Avenue Jean Jaurès, 93330 Neuilly-sur-Marne, France",48.8655626,2.5635643,"2,563547448,8655648",Avenue Jean Jaurès,,Avenue Jean Jaurès,,93330,,,Neuilly-sur-Marne,Seine-Saint-Denis,Ile-de-France,France,fr,© OpenStreetMap contributors,Open Database License,https://www.openstreetmap.org/copyright
"2,3304842999","48,9041162",26.7507752931963,"21 Rue Garibaldi, 93400 Saint-Ouen, France",48.904162,2.330125,"2,330484299948,9041162",,21,Rue Garibaldi,,93400,,Saint-Ouen,Saint-Ouen,Seine-Saint-Denis,Ile-of-France,France,fr,© OpenAddresses contributors,BSD-3-Clause License,
"2,402109","48,892203",6.00466846937955,"16 Rue Hoche, 93500 Pantin, France",48.892152,2.402136,"2,40210948,892203",,16,Rue Hoche,Mairie - Hoche,93500,,,Pantin,Seine-Saint-Denis,Ile-de-France,France,fr,© OpenStreetMap contributors,Open Database License,https://www.openstreetmap.org/copyright
"2,3771034999","48,9369123",1.10218415577239,"Centre de néphrologie, Rue des Postillons, 93200 Saint-Denis, France",48.93674075,2.37717843555151,"2,377103499948,9369123",Centre de néphrologie,,Rue des Postillons,Joliot-Curie - Lamaze - Cosmonautes,93200,,Saint-Denis,Saint-Denis,Seine-Saint-Denis,Ile-de-France,France,fr,© OpenStreetMap contributors,Open Database License,https://www.openstreetmap.org/copyright
"2,30833","48,954695",54.8180621570383,"111 Rue De Paris, 93800 Épinay-sur-Seine, France",48.954629,2.307586,"2,3083348,954695",,111,Rue De Paris,,93800,,Épinay-sur-Seine,Épinay-sur-Seine,Seine-Saint-Denis,Ile-of-France,France,fr,© OpenAddresses contributors,BSD-3-Clause License,
"2,448999","48,793587",15.5388784166052,"42 Rue Gustave Eiffel, 94000 Créteil, France",48.793689,2.448854,"2,44899948,793587",,42,Rue Gustave Eiffel,,94000,,Créteil,Créteil,Val-de-Marne,Ile-of-France,France,fr,© OpenAddresses contributors,BSD-3-Clause License,
"2,464506","48,797635",2.88961322531244,"Centre hospitalier intercommunal de Créteil, Rue du Puits Georget, 94000 Créteil, France",48.79669445,2.46575131195853,"2,46450648,797635",Centre hospitalier intercommunal de Créteil,,Rue du Puits Georget,Bords de Marne - Val de Brie,94000,,,Créteil,Val-de-Marne,Ile-de-France,France,fr,© OpenStreetMap contributors,Open Database License,https://www.openstreetmap.org/copyright
"2,4529400999","48,721859599",0,"Centre Hospitalier Intercommunal Lucie et Raymond Aubrac, 40 Allée de la Source, 94195 Villeneuve-Saint-Georges, France",48.72185,2.45286517456903,"2,452940099948,721859599",Centre Hospitalier Intercommunal Lucie et Raymond Aubrac,40,Allée de la Source,,94195,,,Villeneuve-Saint-Georges,Val-de-Marne,Ile-de-France,France,fr,© OpenStreetMap contributors,Open Database License,https://www.openstreetmap.org/copyright
"2,347847","48,810489",0.133141441187436,"7 Rue Bensérade, 94250 Gentilly, France",48.81049,2.347848,"2,34784748,810489",,7,Rue Bensérade,,94250,,Gentilly,Gentilly,Val-de-Marne,Ile-of-France,France,fr,© OpenAddresses contributors,BSD-3-Clause License,
"2,580475","48,785834",0.111195079952792,"17 Rue Du Général Leclerc, 94510 La Queue-en-Brie, France",48.785835,2.580475,"2,58047548,785834",,17,Rue Du Général Leclerc,,94510,,La Queue-En-Brie,La Queue-en-Brie,Val-de-Marne,Ile-of-France,France,fr,© OpenAddresses contributors,BSD-3-Clause License,
"2,358693","48,78857",2.16790779245604,"Centre Hospitalier Paul Guiraud, 54 Avenue de la République, 94800 Villejuif, France",48.7899808,2.35763082977353,"2,35869348,78857",Centre Hospitalier Paul Guiraud,54,Avenue de la République,,94800,,,Villejuif,Val-de-Marne,Ile-de-France,France,fr,© OpenStreetMap contributors,Open Database License,https://www.openstreetmap.org/copyright
"2,528122","48,833785",0.932721583044469,"Hôpital Saint-Camille, Rue des Pères Camilliens, 94360 Bry-sur-Marne, France",48.83306525,2.5264991831668,"2,52812248,833785",Hôpital Saint-Camille,,Rue des Pères Camilliens,,94360,,,Bry-sur-Marne,Val-de-Marne,Ile-de-France,France,fr,© OpenStreetMap contributors,Open Database License,https://www.openstreetmap.org/copyright
"2,3360983999","48,7711165",0,"Hôpital de Chevilly-Larue, 24 Rue Albert Thuret, 94550 Chevilly-Larue, France",48.77120555,2.33527302397305,"2,336098399948,7711165",Hôpital de Chevilly-Larue,24,Rue Albert Thuret,,94550,,Larue,Chevilly-Larue,Val-de-Marne,Ile-de-France,France,fr,© OpenStreetMap contributors,Open Database License,https://www.openstreetmap.org/copyright
"2,349859","48,793751",0,"Rond-Point François Mitterrand, 94800 Villejuif, France",48.793718,2.34974817994071,"2,34985948,793751",Rond-Point François Mitterrand,,Rond-Point François Mitterrand,,94800,,,Villejuif,Val-de-Marne,Ile-de-France,France,fr,© OpenStreetMap contributors,Open Database License,https://www.openstreetmap.org/copyright
"2,537903","48,838914",1.83303042199398,"33 Rue Léon Menu, 94360 Bry-sur-Marne, France",48.838915,2.537928,"2,53790348,838914",,33,Rue Léon Menu,,94360,,Bry-sur-Marne,Bry-sur-Marne,Val-de-Marne,Ile-of-France,France,fr,© OpenAddresses contributors,BSD-3-Clause License,
"2,4880527","48,8155028",0,"Clinique de Champigny, Rue de Verdun, 94500 Champigny-sur-Marne, France",48.8153821,2.48810351229696,"2,488052748,8155028",Clinique de Champigny,,Rue de Verdun,,94500,,,Champigny-sur-Marne,Val-de-Marne,Ile-de-France,France,fr,© OpenStreetMap contributors,Open Database License,https://www.openstreetmap.org/copyright
"2,423449","48,820279",0,"Hôpital National de Saint-Maurice, Avenue de Gravelle, 75012 Paris, France",48.8207737,2.42846844548651,"2,42344948,820279",Hôpital National de Saint-Maurice,,Avenue de Gravelle,12th Arrondissement,75012,,Paris,Paris,,Ile-de-France,France,fr,© OpenStreetMap contributors,Open Database License,https://www.openstreetmap.org/copyright
"2,499602","48,816051",0,"6 Rue du Chemin Vert, 94500 Champigny-sur-Marne, France",48.816051,2.499602,"2,49960248,816051",,6,Rue du Chemin Vert,,94500,,,Champigny-sur-Marne,Val-de-Marne,Ile-de-France,France,fr,© OpenStreetMap contributors,Open Database License,https://www.openstreetmap.org/copyright
"2,461532","48,788829",6.17427030936242,"Hôpital Albert Chenevier, 40 Rue de Mesly, 94010 Créteil, France",48.7886725,2.45856410727143,"2,46153248,788829",Hôpital Albert Chenevier,40,Rue de Mesly,Centre Ancien - Chenevier - Déménitroux,94010,,,Créteil,Val-de-Marne,Ile-de-France,France,fr,© OpenStreetMap contributors,Open Database License,https://www.openstreetmap.org/copyright
"2,453778","48,798881",40.183116108292,"62 Av Du Mal De Lattre De Tassigny, 94000 Créteil, France",48.798821,2.454319,"2,45377848,798881",,62,Av Du Mal De Lattre De Tassigny,,94000,,Créteil,Créteil,Val-de-Marne,Ile-of-France,France,fr,© OpenAddresses contributors,BSD-3-Clause License,
"2,394544","48,804916",34.6259348288706,"18 Avenue De La République, 94200 Ivry-sur-Seine, France",48.805059,2.394124,"2,39454448,804916",,18,Avenue De La République,,94200,,Ivry-sur-Seine,Ivry-sur-Seine,Val-de-Marne,Ile-of-France,France,fr,© OpenAddresses contributors,BSD-3-Clause License,
"2,35795","48,809937",12.8333971939769,"78 Rue Du Général Leclerc, 94270 Le Kremlin-Bicêtre, France",48.810048,2.357902,"2,3579548,809937",,78,Rue Du Général Leclerc,,94270,,Le Kremlin-Bicêtre,Le Kremlin-Bicêtre,Val-de-Marne,Ile-of-France,France,fr,© OpenAddresses contributors,BSD-3-Clause License,
"2,483016","48,750279",0,"Hôpital Émile Roux, Rue Roger Salengro, 94450 Limeil-Brévannes, France",48.74908705,2.48503215417539,"2,48301648,750279",Hôpital Émile Roux,,Rue Roger Salengro,,94450,,,Limeil-Brévannes,Val-de-Marne,Ile-de-France,France,fr,© OpenStreetMap contributors,Open Database License,https://www.openstreetmap.org/copyright
"2,363719","48,79482",3.80670506738159,"Hôpital Paul Brousse, 12 Avenue Paul Vaillant-Couturier, 94800 Villejuif, France",48.79695375,2.36171069711104,"2,36371948,79482",Hôpital Paul Brousse,12,Avenue Paul Vaillant-Couturier,,94800,,,Villejuif,Val-de-Marne,Ile-de-France,France,fr,© OpenStreetMap contributors,Open Database License,https://www.openstreetmap.org/copyright
"2,427092","48,845599",15.6096828303844,"67bis Avenue De Paris, 94160 Saint-Mandé, France",48.845475,2.427192,"2,42709248,845599",,67bis,Avenue De Paris,,94160,,Saint-Mandé,Saint-Mandé,Val-de-Marne,Ile-of-France,France,fr,© OpenAddresses contributors,BSD-3-Clause License,
"2,451304","48,792827",2.27296077407748,"Hôpital de jour, Rue Gustave Eiffel, 94000 Créteil, France",48.79428055,2.45131798486554,"2,45130448,792827",Hôpital de jour,,Rue Gustave Eiffel,Échat - Champeval,94000,,,Créteil,Val-de-Marne,Ile-de-France,France,fr,© OpenStreetMap contributors,Open Database License,https://www.openstreetmap.org/copyright
"2,4776391","48,7757921",2.65937795853834,"Rue Pasteur, 94380 Bonneuil-sur-Marne, France",48.7760244,2.4774304,"2,477639148,7757921",Rue Pasteur,,Rue Pasteur,,94380,,,Bonneuil-sur-Marne,Val-de-Marne,Ile-de-France,France,fr,© OpenStreetMap contributors,Open Database License,https://www.openstreetmap.org/copyright
"2,516513","48,811538",0,"Hôpital privé Paul d'Égine, Rue de Musselburgh, 94500 Champigny-sur-Marne, France",48.8113219,2.5168145753429,"2,51651348,811538",Hôpital privé Paul d'Égine,,Rue de Musselburgh,,94500,,,Champigny-sur-Marne,Val-de-Marne,Ile-de-France,France,fr,© OpenStreetMap contributors,Open Database License,https://www.openstreetmap.org/copyright
"2,405112","48,762476",0.111195079952792,"9bis Rue Ledru - Rollin, 94600 Choisy-le-Roi, France",48.762477,2.405112,"2,40511248,762476",,9bis,Rue Ledru - Rollin,,94600,,Choisy-le-Roi,Choisy-le-Roi,Val-de-Marne,Ile-of-France,France,fr,© OpenAddresses contributors,BSD-3-Clause License,
"2,335885","48,778007",2.8641336755697,"13 Rue des Tournelles, 94240 L'Haÿ-les-Roses, France",48.7780207,2.3359181,"2,33588548,778007",,13,Rue des Tournelles,,94240,,,L'Haÿ-les-Roses,Val-de-Marne,Ile-de-France,France,fr,© OpenStreetMap contributors,Open Database License,https://www.openstreetmap.org/copyright
"2,4728202","48,8327592",0,"Accès Urgences, 94130 Nogent-sur-Marne, France",48.8327287,2.47269709676056,"2,472820248,8327592",Urgences,,Accès Urgences,Beauté Baltard,94130,,,Nogent-sur-Marne,Val-de-Marne,Ile-de-France,France,fr,© OpenStreetMap contributors,Open Database License,https://www.openstreetmap.org/copyright
"2,478549","48,8049",0.311299495490155,"Clinique Gaston Métivet, Avenue Victor Hugo, 94100 Saint-Maur-des-Fossés, France",48.804232,2.4782640674639,"2,47854948,8049",Clinique Gaston Métivet,,Avenue Victor Hugo,Adamville,94100,,Saint-Maur-des-Fossés,Saint-Maur-des-Fossés,Val-de-Marne,Ile-de-France,France,fr,© OpenStreetMap contributors,Open Database License,https://www.openstreetmap.org/copyright
"2,370693","48,76845",4.91790012007023,"Hôpital privé de Thiais, 112 Avenue du Général de Gaulle, 94320 Thiais, France",48.76885055,2.37026277214817,"2,37069348,76845",Hôpital privé de Thiais,112,Avenue du Général de Gaulle,,94320,,,Thiais,Val-de-Marne,Ile-de-France,France,fr,© OpenStreetMap contributors,Open Database License,https://www.openstreetmap.org/copyright
"2,531628","48,721924",0,"8 Boulevard Richerand, 94440 Villecresnes, France",48.721924,2.531628,"2,53162848,721924",,8,Boulevard Richerand,,94440,,Villecresnes,Villecresnes,Val-de-Marne,Ile-of-France,France,fr,© OpenAddresses contributors,BSD-3-Clause License,
"2,450373","48,721566",14.6703925964633,"61bis Avenue De La République, 91560 Crosne, France",48.721478,2.450224,"2,45037348,721566",,61bis,Avenue De La République,,91560,,Crosne,Crosne,Essonne,Ile-of-France,France,fr,© OpenAddresses contributors,BSD-3-Clause License,
"2,4469885999","48,7268947",31.7117922663813,"15 Rue De l’Eglise, 94190 Villeneuve-Saint-Georges, France",48.726659,2.447232,"2,446988599948,7268947",,15,Rue De l’Eglise,,94190,,Villeneuve-Saint-Georges,Villeneuve-Saint-Georges,Val-de-Marne,Ile-of-France,France,fr,© OpenAddresses contributors,BSD-3-Clause License,
"2,381066","48,793892",0,"12 Rue Des Noriets, 94400 Vitry-sur-Seine, France",48.793892,2.381066,"2,38106648,793892",,12,Rue Des Noriets,,94400,,Vitry-sur-Seine,Vitry-sur-Seine,Val-de-Marne,Ile-of-France,France,fr,© OpenAddresses contributors,BSD-3-Clause License,
"2,3894870999","48,785557999",5.70879270496466,"Hôpital privé de Vitry - Site Pasteur, 22 Rue de la Petite Saussaie, 94400 Vitry-sur-Seine, France",48.7856965,2.38954925526316,"2,389487099948,785557999",Hôpital privé de Vitry - Site Pasteur,22,Rue de la Petite Saussaie,Clos Langlois,94400,,Vitry-sur-Seine,Vitry-sur-Seine,Val-de-Marne,Ile-de-France,France,fr,© OpenStreetMap contributors,Open Database License,https://www.openstreetmap.org/copyright
"2,507849","48,852762",0.877991422022243,"6 Rue Jouleau, 94170 Le Perreux-sur-Marne, France",48.852762,2.507837,"2,50784948,852762",,6,Rue Jouleau,Parc du Perreux,94170,,,Le Perreux-sur-Marne,Val-de-Marne,Ile-de-France,France,fr,© OpenStreetMap contributors,Open Database License,https://www.openstreetmap.org/copyright
"2,4897674","48,8435915",3.35085014045274,"30 Rue De Plaisance, 94130 Nogent-sur-Marne, France",48.843617,2.489743,"2,489767448,8435915",,30,Rue De Plaisance,,94130,,Nogent-sur-Marne,Nogent-sur-Marne,Val-de-Marne,Ile-of-France,France,fr,© OpenAddresses contributors,BSD-3-Clause License,
"2,4146345","48,8366535",0,"55 Rue du Commandant René Mouchotte, 75012 Saint-Mandé, France",48.8366535,2.4146345,"2,414634548,8366535",,55,Rue du Commandant René Mouchotte,12th Arrondissement,75012,,Paris,Saint-Mandé,Val-de-Marne,Ile-de-France,France,fr,© OpenStreetMap contributors,Open Database License,https://www.openstreetmap.org/copyright
"2,487054","48,805646",3.53171212930977,"15 Avenue De Lattre De Tassigny, 94100 Saint-Maur-des-Fossés, France",48.805633,2.48701,"2,48705448,805646",,15,Avenue De Lattre De Tassigny,,94100,,Saint-Maur-des-Fossés,Saint-Maur-des-Fossés,Val-de-Marne,Ile-of-France,France,fr,© OpenAddresses contributors,BSD-3-Clause License,
"2,464771","48,750688",4.90099472604986,"3 Rue Du Parc, 94460 Valenton, France",48.750681,2.464837,"2,46477148,750688",,3,Rue Du Parc,,94460,,Valenton,Valenton,Val-de-Marne,Ile-of-France,France,fr,© OpenAddresses contributors,BSD-3-Clause License,
"2,55143","48,831737",2.58733606396523,"Rue Entroncamento, 94350 Villiers-sur-Marne, France",48.8309263,2.5519966,"2,5514348,831737",Rue Entroncamento,,Rue Entroncamento,Les Stades,94350,,,Villiers-sur-Marne,Val-de-Marne,Ile-de-France,France,fr,© OpenStreetMap contributors,Open Database License,https://www.openstreetmap.org/copyright
"2,318581","48,765578",7.48682272024961,"1 Allée Des Thuyas, 94260 Fresnes, France",48.765631,2.318518,"2,31858148,765578",,1,Allée Des Thuyas,,94260,,Fresnes,Fresnes,Val-de-Marne,Ile-of-France,France,fr,© OpenAddresses contributors,BSD-3-Clause License,
"2,4505060999","48,7315919",10.4294938042883,"1 Rue Des Vignes, 94190 Villeneuve-Saint-Georges, France",48.731665,2.450417,"2,450506099948,7315919",,1,Rue Des Vignes,,94190,,Villeneuve-Saint-Georges,Villeneuve-Saint-Georges,Val-de-Marne,Ile-of-France,France,fr,© OpenAddresses contributors,BSD-3-Clause License,
"2,365934","48,791439",0.111195080742881,"4 Place De La Fontaine, 94800 Villejuif, France",48.79144,2.365934,"2,36593448,791439",,4,Place De La Fontaine,,94800,,Villejuif,Villejuif,Val-de-Marne,Ile-of-France,France,fr,© OpenAddresses contributors,BSD-3-Clause License,
"2,39715","48,822679",4.13728116920385,"9 Quai De Bercy, 94220 Charenton-le-Pont, France",48.822684,2.397206,"2,3971548,822679",,9,Quai De Bercy,,94220,,Charenton-Le-Pont,Charenton-le-Pont,Val-de-Marne,Ile-of-France,France,fr,© OpenAddresses contributors,BSD-3-Clause License,
"2,4234828999","48,804335599",40.5424930481094,"71 Rue Victor Hugo, 94140 Alfortville, France",48.803983,2.423342,"2,423482899948,804335599",,71,Rue Victor Hugo,,94140,,Alfortville,Alfortville,Val-de-Marne,Ile-of-France,France,fr,© OpenAddresses contributors,BSD-3-Clause License,
"2,464485","48,847779",0.111195079952792,"14 Rue Pierre Dulac, 94120 Fontenay-sous-Bois, France",48.84778,2.464485,"2,46448548,847779",,14,Rue Pierre Dulac,,94120,,Fontenay-sous-Bois,Fontenay-sous-Bois,Val-de-Marne,Ile-of-France,France,fr,© OpenAddresses contributors,BSD-3-Clause License,
"2,238544","48,945975",1.84190052493525,"Centre hospitalier d'Argenteuil, Rue des Frères Signolle, 95100 Argenteuil, France",48.9444946,2.23644472805316,"2,23854448,945975",Centre hospitalier d'Argenteuil,,Rue des Frères Signolle,,95100,,,Argenteuil,Val-d'Oise,Ile-de-France,France,fr,© OpenStreetMap contributors,Open Database License,https://www.openstreetmap.org/copyright
"2,2908532619","49,144601049",0,"Groupe hospitalier Carnelle Porte de l'Oise - Site de Beaumont, 20 Rue Edmond Turcq, 95260 Beaumont-sur-Oise, France",49.144278,2.2914947406697,"2,290853261949,144601049",Groupe hospitalier Carnelle Porte de l'Oise - Site de Beaumont,20,Rue Edmond Turcq,,95260,,,Beaumont-sur-Oise,Val-d'Oise,Ile-de-France,France,fr,© OpenStreetMap contributors,Open Database License,https://www.openstreetmap.org/copyright
"2,2713257","49,001033199",0,"Hôpital Simone Veil, 14 Rue de Saint-Prix, 95600 Eaubonne, France",49.0000638,2.2700482983721,"2,271325749,001033199",Hôpital Simone Veil,14,Rue de Saint-Prix,,95600,,,Eaubonne,Val-d'Oise,Ile-de-France,France,fr,© OpenStreetMap contributors,Open Database License,https://www.openstreetmap.org/copyright
"2,448517","48,986612",4.91427548641861,"5 Rue De l’Hotel Dieu, 95500 Gonesse, France",48.986643,2.448565,"2,44851748,986612",,5,Rue De l’Hotel Dieu,,95500,,Gonesse,Gonesse,Val-d'Oise,Ile-of-France,France,fr,© OpenAddresses contributors,BSD-3-Clause License,
"1,784966","49,154601",0.911287717457009,"Groupement Hospitalier Intercommunal du Vexin - Site de Magny, Rue de Rouen, 95420 Magny-en-Vexin, France",49.15508775,1.78442274355778,"1,78496649,154601",Groupement Hospitalier Intercommunal du Vexin - Site de Magny,,Rue de Rouen,,95420,,,Magny-en-Vexin,Val-d'Oise,Ile-de-France,France,fr,© OpenStreetMap contributors,Open Database License,https://www.openstreetmap.org/copyright
"2,3168250999","48,9875979",0,"Hôpital Simone Veil - Site de Montmorency, Rue du Docteur Millet, 95160 Montmorency, France",48.9864823,2.31751878344789,"2,316825099948,9875979",Hôpital Simone Veil - Site de Montmorency,,Rue du Docteur Millet,,95160,,,Montmorency,Val-d'Oise,Ile-de-France,France,fr,© OpenStreetMap contributors,Open Database License,https://www.openstreetmap.org/copyright
"2,0910929","49,0497053",7.54707576958646,"5 Rue De Rouen, 95300 Pontoise, France",49.049725,2.091192,"2,091092949,0497053",,5,Rue De Rouen,,95300,,Pontoise,Pontoise,Val-d'Oise,Ile-of-France,France,fr,© OpenAddresses contributors,BSD-3-Clause License,
"2,33563","49,050103",8.64538838742953,"73 Rue De Paris, 95570 Moisselles, France",49.050095,2.335512,"2,3356349,050103",,73,Rue De Paris,,95570,,Moisselles,Moisselles,Val-d'Oise,Ile-of-France,France,fr,© OpenAddresses contributors,BSD-3-Clause License,
"2,223337","49,114178",0.132897455573067,"9 Rue Chantepie Mancier, 95290 L'Isle-Adam, France",49.114179,2.223338,"2,22333749,114178",,9,Rue Chantepie Mancier,,95290,,L'Isle-Adam,L'Isle-Adam,Val-d'Oise,Ile-of-France,France,fr,© OpenAddresses contributors,BSD-3-Clause License,
"2,3344125999","49,103521099",1.96507142956086,"95270 Saint-Martin-du-Tertre, France",49.1030504,2.3334819,"2,334412599949,103521099",,,,,95270,,Les Goulottes,Saint-Martin-du-Tertre,Val-d'Oise,Ile-de-France,France,fr,© OpenStreetMap contributors,Open Database License,https://www.openstreetmap.org/copyright
"2,237626","49,026358",2.11552051713423,"Hopital Le Parc de Taverny, Chemin des Hires, 95150 Taverny, France",49.0272581,2.2356674615807,"2,23762649,026358",Hopital Le Parc de Taverny,,Chemin des Hires,,95150,,Les Saussaies,Taverny,Val-d'Oise,Ile-de-France,France,fr,© OpenStreetMap contributors,Open Database License,https://www.openstreetmap.org/copyright
"2,267338","48,954886",0.66512720494396,"48 Rue d’Orgemont, 95100 Argenteuil, France",48.954891,2.267343,"2,26733848,954886",,48,Rue d’Orgemont,,95100,,Argenteuil,Argenteuil,Val-d'Oise,Ile-of-France,France,fr,© OpenAddresses contributors,BSD-3-Clause License,
"2,195513","48,972832",7.83641680394071,"26 Rue Aristide Briand, 95240 Cormeilles-en-Parisis, France",48.972785,2.195593,"2,19551348,972832",,26,Rue Aristide Briand,,95240,,Cormeilles-En-Parisis,Cormeilles-en-Parisis,Val-d'Oise,Ile-of-France,France,fr,© OpenAddresses contributors,BSD-3-Clause License,
"2,0093501999","49,0461517",41.1234511855722,"1 Place Des Pinets, 95000 Cergy, France",49.04588,2.009733,"2,009350199949,0461517",,1,Place Des Pinets,,95000,,Cergy,Cergy,Val-d'Oise,Ile-of-France,France,fr,© OpenAddresses contributors,BSD-3-Clause License,
"1,9767875999","49,1460735",1.81501093366128,"Avenue des Murgers, Promenade de Kington, 95640 Marines, France",49.1462432,1.9776082,"1,976787599949,1460735",Avenue des Murgers,,Promenade de Kington,,95640,,,Marines,Val-d'Oise,Ile-de-France,France,fr,© OpenStreetMap contributors,Open Database License,https://www.openstreetmap.org/copyright
"2,3308942234","49,02666056",17.1305767999178,"6 Oree Du Bois, 95330 Domont, France",49.026516,2.330813,"2,330894223449,02666056",,6,Oree Du Bois,,95330,,Domont,Domont,Val-d'Oise,Ile-of-France,France,fr,© OpenAddresses contributors,BSD-3-Clause License,
"1,629429","49,081684",22.1796989286385,"1 Place Du Cloître Saint Samson, 95780 La Roche-Guyon, France",49.08187,1.629319,"1,62942949,081684",,1,Place Du Cloître Saint Samson,,95780,,La Roche-Guyon,La Roche-Guyon,Val-d'Oise,Ile-of-France,France,fr,© OpenAddresses contributors,BSD-3-Clause License,
"2,104004","49,077256",60.8939026567057,"1 Allee Du Chateau, 95300 Ennery, France",49.077616,2.104634,"2,10400449,077256",,1,Allee Du Chateau,,95300,,Ennery,Ennery,Val-d'Oise,Ile-of-France,France,fr,© OpenAddresses contributors,BSD-3-Clause License,
"2,296229","49,043859",5.87926962308467,"4 Rue Pasteur, 95570 Bouffémont, France",49.043817,2.296278,"2,29622949,043859",,4,Rue Pasteur,,95570,,Bouffemont,Bouffémont,Val-d'Oise,Ile-of-France,France,fr,© OpenAddresses contributors,BSD-3-Clause License,
"2,367434","49,091125",1.84667833173721,"14 Rue Du General Leclerc, 95270 Belloy-en-France, France",49.091114,2.367415,"2,36743449,091125",,14,Rue Du General Leclerc,,95270,,Belloy-En-France,Belloy-en-France,Val-d'Oise,Ile-of-France,France,fr,© OpenAddresses contributors,BSD-3-Clause License,
"2,20395","48,934078",9.46048685590993,"26 Rue De Sartrouville, 95870 Bezons, France",48.93415,2.204019,"2,2039548,934078",,26,Rue De Sartrouville,,95870,,Bezons,Bezons,Val-d'Oise,Ile-of-France,France,fr,© OpenAddresses contributors,BSD-3-Clause License,
"2,21525","48,925854",0,"27 Rue Villeneuve, 95870 Bezons, France",48.925854,2.21525,"2,2152548,925854",,27,Rue Villeneuve,,95870,,Bezons,Bezons,Val-d'Oise,Ile-of-France,France,fr,© OpenAddresses contributors,BSD-3-Clause License,
"2,286454","48,991859",9.84903472051834,"52 Avenue De Paris, 95600 Eaubonne, France",48.991805,2.286347,"2,28645448,991859",,52,Avenue De Paris,,95600,,Eaubonne,Eaubonne,Val-d'Oise,Ile-of-France,France,fr,© OpenAddresses contributors,BSD-3-Clause License,
"2,170388","48,992288",3.99254154414187,"50 Rue de Paris, 95220 Herblay-sur-Seine, France",48.9920463,2.17038325391157,"2,17038848,992288",,50,Rue de Paris,La Butte de la Tuile,95220,,,Herblay-sur-Seine,Val-d'Oise,Ile-de-France,France,fr,© OpenStreetMap contributors,Open Database License,https://www.openstreetmap.org/copyright
"2,235339","49,127165",83.1177790071198,"30 Chemin Des 3 Sources, 95290 L'Isle-Adam, France",49.126452,2.234996,"2,23533949,127165",,30,Chemin Des 3 Sources,,95290,,L'Isle-Adam,L'Isle-Adam,Val-d'Oise,Ile-of-France,France,fr,© OpenAddresses contributors,BSD-3-Clause License,
"2,075184","49,073938",0,"Clinique Sainte-Marie, 1 Rue Christian Barnard, 95520 Osny, France",49.07409215,2.07596668276101,"2,07518449,073938",Clinique Sainte-Marie,1,Rue Christian Barnard,,95520,,Le Buisson Simonet Est,Osny,Val-d'Oise,Ile-de-France,France,fr,© OpenStreetMap contributors,Open Database License,https://www.openstreetmap.org/copyright
"2,378054","48,98033",13.6943515682545,"3 Bd Du Mal De Lattre De Tassigny, 95200 Sarcelles, France",48.980444,2.378125,"2,37805448,98033",,3,Bd Du Mal De Lattre De Tassigny,,95200,,Sarcelles,Sarcelles,Val-d'Oise,Ile-of-France,France,fr,© OpenAddresses contributors,BSD-3-Clause License,
"2,10964","49,0417139",26.2074773638439,"Sos Médecins, 23 Rue des Frères Capucins, 95310 Saint-Ouen-l'Aumône, France",49.0419177,2.1094594,"2,1096449,0417139",Sos Médecins,23,Rue des Frères Capucins,,95310,,Saint-Ouen-L'Aumone,Saint-Ouen-l'Aumône,Val-d'Oise,Ile-de-France,France,fr,© OpenStreetMap contributors,Open Database License,https://www.openstreetmap.org/copyright
"2,225279","49,028147",0,"46 Rue De l’Eglise, 95150 Taverny, France",49.028147,2.225279,"2,22527949,028147",,46,Rue De l’Eglise,,95150,,Taverny,Taverny,Val-d'Oise,Ile-of-France,France,fr,© OpenAddresses contributors,BSD-3-Clause License,
"2,317432","48,991355",4.72072870810796,"Rue de Jaigny, 95160 Montmorency, France",48.9921767,2.3177455,"2,31743248,991355",Rue de Jaigny,,Rue de Jaigny,,95160,,,Montmorency,Val-d'Oise,Ile-de-France,France,fr,© OpenStreetMap contributors,Open Database License,https://www.openstreetmap.org/copyright
"2,303193","49,003798",25.2846391063318,"6a Rue De l’Église, 95580 Andilly, France",49.003776,2.303538,"2,30319349,003798",,6a,Rue De l’Église,,95580,,Andilly,Andilly,Val-d'Oise,Ile-of-France,France,fr,© OpenAddresses contributors,BSD-3-Clause License,
"2,075099","49,074574",42.2566504671336,"1 Rue Xavier Bichat, 95520 Osny, France",49.074268,2.074755,"2,07509949,074574",,1,Rue Xavier Bichat,,95520,,Osny,Osny,Val-d'Oise,Ile-of-France,France,fr,© OpenAddresses contributors,BSD-3-Clause License,
"2,333141","48,99203",0,"Résidence Château Saint-Valéry, Rue de l'Ermitage, 95160 Montmorency, France",48.9913291,2.33358561735395,"2,33314148,99203",Résidence Château Saint-Valéry,,Rue de l'Ermitage,,95160,,,Montmorency,Val-d'Oise,Ile-de-France,France,fr,© OpenStreetMap contributors,Open Database License,https://www.openstreetmap.org/copyright
"2,074689","49,076134",4.51003045945986,"6 Rue Alexander Fleming, 95520 Osny, France",49.076157,2.074638,"2,07468949,076134",,6,Rue Alexander Fleming,,95520,,Osny,Osny,Val-d'Oise,Ile-of-France,France,fr,© OpenAddresses contributors,BSD-3-Clause License,
"1,775735","49,071133",9.68864240479272,"10 Rue De La Bucaille, 95510 Aincourt, France",49.071181,1.775846,"1,77573549,071133",,10,Rue De La Bucaille,,95510,,Drocourt,Aincourt,Yvelines,Ile-of-France,France,fr,© OpenAddresses contributors,BSD-3-Clause License,
"2,2932895","49,0028807",117.595471289802,"11 Allée Jean-Baptiste Lefranc, 95580 Margency, France",49.001847,2.292949,"2,293289549,0028807",,11,Allée Jean-Baptiste Lefranc,,95580,,Margency,Margency,Val-d'Oise,Ile-of-France,France,fr,© OpenAddresses contributors,BSD-3-Clause License,
"1,977297","49,029784",0,"Collège Frania Eisenbach-Haverland, Rue Bernard Astruc, 95180 Menucourt, France",49.02978085,1.97719573481666,"1,97729749,029784",Collège Frania Eisenbach-Haverland,,Rue Bernard Astruc,,95180,,,Menucourt,Val-d'Oise,Ile-de-France,France,fr,© OpenStreetMap contributors,Open Database License,https://www.openstreetmap.org/copyright
"2,311718","49,143859",0,"Groupe hospitalier Carnelle Porte de l'Oise - Site Les Oliviers, Chemin de Boyenval, 95260 Beaumont-sur-Oise, France",49.14363775,2.3109471837598,"2,31171849,143859",Groupe hospitalier Carnelle Porte de l'Oise - Site Les Oliviers,,Chemin de Boyenval,,95260,,,Beaumont-sur-Oise,Val-d'Oise,Ile-de-France,France,fr,© OpenStreetMap contributors,Open Database License,https://www.openstreetmap.org/copyright
"2,259948","48,962734",0.961541358930178,"165 Boulevard Jean Allemane, 95100 Argenteuil, France",48.962726,2.259943,"2,25994848,962734",,165,Boulevard Jean Allemane,,95100,,Argenteuil,Argenteuil,Val-d'Oise,Ile-of-France,France,fr,© OpenAddresses contributors,BSD-3-Clause License,
"2,264429","48,981268",0.111195079952792,"9 Avenue Louis Armand, 95120 Ermont, France",48.981269,2.264429,"2,26442948,981268",,9,Avenue Louis Armand,,95120,,Ermont,Ermont,Val-d'Oise,Ile-of-France,France,fr,© OpenAddresses contributors,BSD-3-Clause License,
"2,166045","48,995873",0,"21 Rue Du Parc, 95220 Herblay, France",48.995873,2.166045,"2,16604548,995873",,21,Rue Du Parc,,95220,,Herblay,Herblay,Val-d'Oise,Ile-of-France,France,fr,© OpenAddresses contributors,BSD-3-Clause License,
"2,1006449999","49,050966",33.4051668724931,"2 Rue Victor Hugo, 95300 Pontoise, France",49.050805,2.100258,"2,100644999949,050966",,2,Rue Victor Hugo,,95300,,Pontoise,Pontoise,Val-d'Oise,Ile-of-France,France,fr,© OpenAddresses contributors,BSD-3-Clause License,
"-61,528562","16,231695",3.85758831995586,"Rue de la Voie Ferrée, 97157 Les Abymes, France",16.23231,-61.5279409,"-61,52856216,231695",Rue de la Voie Ferrée,,Rue de la Voie Ferrée,,97157,GP,,Les Abymes,,Guadeloupe,France,fr,© OpenStreetMap contributors,Open Database License,https://www.openstreetmap.org/copyright
"-61,732672","15,99831",1.06329000852573,"49 Rue du Docteur Joseph Pitat, 97100 Basse-Terre, France",15.99832885,-61.7327107043922,"-61,73267215,99831",,49,Rue du Docteur Joseph Pitat,,97100,GP,Basse-Terre,Basse-Terre,,Guadeloupe,France,fr,© OpenStreetMap contributors,Open Database License,https://www.openstreetmap.org/copyright
"-61,686278","16,045126",4.25148396593549,"97120 Saint-Claude, France",16.0451666,-61.686337,"-61,68627816,045126",,,,,97120,GP,,Saint-Claude,,Guadeloupe,France,fr,© OpenStreetMap contributors,Open Database License,https://www.openstreetmap.org/copyright
"-61,644858","15,976286",5.33285378951626,"54 Place Du Capitaine Moise Bebel, 97114 Trois-Rivières, France",15.976295,-61.644809,"-61,64485815,976286",,54,Place Du Capitaine Moise Bebel,,97114,GP,,Trois-Rivières,,Guadeloupe,France,fr,© OpenAddresses contributors,BSD-3-Clause License,
"-61,31227269","15,8913588",86.4278341314958,"1 Route De La Treille, 97112, France",15.891857,-61.312893,"-61,3122726915,8913588",,1,Route De La Treille,,97112,,,,,,France,fr,© OpenAddresses contributors,BSD-3-Clause License,
"-61,508771","16,26522",4.1343111871822,"Rue Amédée Abarre, 971139 Les Abymes, France",16.2636382,-61.5073416,"-61,50877116,26522",Rue Amédée Abarre,,Rue Amédée Abarre,,971139,GP,,Les Abymes,,Guadeloupe,France,fr,© OpenStreetMap contributors,Open Database License,https://www.openstreetmap.org/copyright
"-62,849198","17,898636",1.78652888257346,"23 Rue de la Paix, 97133 Gustavia, France",17.89863695,-62.8492625032146,"-62,84919817,898636",,23,Rue de la Paix,,97133,,La Pointe,Gustavia,,Saint Barthélemy,France,fr,© OpenStreetMap contributors,Open Database License,https://www.openstreetmap.org/copyright
"-61,721227","15,999764",0,"80 Avenue Gaston Feuillard, 97100 Basse-Terre, France",15.999764,-61.721227,"-61,72122715,999764",,80,Avenue Gaston Feuillard,,97100,,,Basse-Terre,,,France,fr,© OpenAddresses contributors,BSD-3-Clause License,
"-63,074958","18,067218",66.5882608511497,"CCI Saint-Martin, 10 Rue Jean Jacques Fayel, 97150 Marigot, France",18.0671795,-63.0757439235043,"-63,07495818,067218",CCI Saint-Martin,10,Rue Jean Jacques Fayel,Spring,97150,,,Marigot,,Saint Martin (France),France,fr,© OpenStreetMap contributors,Open Database License,https://www.openstreetmap.org/copyright
"-61,78054","16,188355",5.77342120996391,"Route de Mahault, 97116 Pointe-Noire, France",16.1881525,-61.7804589,"-61,7805416,188355",Route de Mahault,,Route de Mahault,,97116,GP,,Pointe-Noire,,Guadeloupe,France,fr,© OpenStreetMap contributors,Open Database License,https://www.openstreetmap.org/copyright
"-61,2904","15,89356",3.09363826923701,"97112 Grand-Bourg, France",15.8935569,-61.2907974,"-61,290415,89356",,,,,97112,GP,,Grand-Bourg,,Guadeloupe,France,fr,© OpenStreetMap contributors,Open Database License,https://www.openstreetmap.org/copyright
"-61,533133","16,241167",58.0164380205472,"39 Résidence Achille René Boisneuf, 97110 GP, France",16.241557,-61.532772,"-61,53313316,241167",,39,Résidence Achille René Boisneuf,,97110,GP,,,,Guadeloupe,France,fr,© OpenAddresses contributors,BSD-3-Clause License,
"-61,564218","16,044429",0,"33 Rue Foch, 97130 Capesterre-Belle-Eau, France",16.044429,-61.564218,"-61,56421816,044429",,33,Rue Foch,Brest,97130,GP,,Capesterre-Belle-Eau,,Guadeloupe,France,fr,© OpenAddresses contributors,BSD-3-Clause License,
"-61,698235","16,027159",24.1893914155891,"33 Rue Elie Lacroix, 97120 Saint-Claude, France",16.026946,-61.698189,"-61,69823516,027159",,33,Rue Elie Lacroix,,97120,GP,,Saint-Claude,,Guadeloupe,France,fr,© OpenAddresses contributors,BSD-3-Clause License,
"-61,763308","16,145996",0,"936 Rue Sylvere Lesueur, 97125 GP, France",16.145996,-61.763308,"-61,76330816,145996",,936,Rue Sylvere Lesueur,,97125,GP,,,,Guadeloupe,France,fr,© OpenAddresses contributors,BSD-3-Clause License,
"-61,4844099","16,2171236",0.400444655504295,"Mahogany Hotel & Residence, GP, France",16.21712,-61.48441,"-61,484409916,2171236",Mahogany Hotel & Residence,,,,,GP,,,,Guadeloupe,France,fr,,CC BY 4.0,https://www.geonames.org/datasources/
"-61,49777","16,206203",0,"2 Avenue De Montauban, 97190 Le Gosier, France",16.206203,-61.49777,"-61,4977716,206203",,2,Avenue De Montauban,,97190,,,Le Gosier,,,France,fr,© OpenAddresses contributors,BSD-3-Clause License,
"-61,290764","16,317998",47.6684318239086,"1767 Route De La Clinique, 97160 GP, France",16.317587,-61.290891,"-61,29076416,317998",,1767,Route De La Clinique,,97160,GP,,,,Guadeloupe,France,fr,© OpenAddresses contributors,BSD-3-Clause License,
"-61,719497","15,985886",16.8032109749977,"56 Riviere Sens, 97113 Gourbeyre, France",15.985844,-61.719346,"-61,71949715,985886",,56,Riviere Sens,,97113,,,Gourbeyre,,,France,fr,© OpenAddresses contributors,BSD-3-Clause License,
"-61,583704","16,238108",1.20531243448453,"Les Galeries IBIS, Rue Louis Douldat, 97122 Baie-Mahault, France",16.2380109,-61.5835221562893,"-61,58370416,238108",Les Galeries IBIS,,Rue Louis Douldat,ZAC de Mondong-Jarry,97122,GP,,Baie-Mahault,,Guadeloupe,France,fr,© OpenStreetMap contributors,Open Database License,https://www.openstreetmap.org/copyright
"-61,504593","16,270521",0,"École, Place de la Liberté, Les Abymes, France",16.27054855,-61.5046925720779,"-61,50459316,270521",École,,Place de la Liberté,,,GP,,Les Abymes,,Guadeloupe,France,fr,© OpenStreetMap contributors,Open Database License,https://www.openstreetmap.org/copyright
"-63,069446","18,083601",8.09277034780142,"Impasse des Andrews, 97150 Rambaud, France",18.0832322,-63.069889,"-63,06944618,083601",Impasse des Andrews,,Impasse des Andrews,Saint-Louis,97150,,,Rambaud,,Saint Martin (France),France,fr,© OpenStreetMap contributors,Open Database License,https://www.openstreetmap.org/copyright
"-61,31227269","15,8913588",86.4278341314958,"1 Route De La Treille, 97112, France",15.891857,-61.312893,"-61,3122726915,8913588",,1,Route De La Treille,,97112,,,,,,France,fr,© OpenAddresses contributors,BSD-3-Clause License,
"-61,564688","16,04263",13.3434096283089,"284 Avenue Paul Lacave, 97130 Capesterre-Belle-Eau, France",16.04275,-61.564688,"-61,56468816,04263",,284,Avenue Paul Lacave,,97130,GP,,Capesterre-Belle-Eau,,Guadeloupe,France,fr,© OpenAddresses contributors,BSD-3-Clause License,
"-61,52528269","16,2710933",15.011153052398,"Arrivées, 971139 Les Abymes, France",16.2706175,-61.5256573,"-61,5252826916,2710933",Arrivées,,Arrivées,,971139,GP,,Les Abymes,,Guadeloupe,France,fr,© OpenStreetMap contributors,Open Database License,https://www.openstreetmap.org/copyright
"-61,7699571","16,1319557",10.4137106782155,"203 Rue Abel Racon, 97125 Bouillante, France",16.131966,-61.770054,"-61,769957116,1319557",,203,Rue Abel Racon,,97125,GP,,Bouillante,,Guadeloupe,France,fr,© OpenAddresses contributors,BSD-3-Clause License,
"-61,599403","16,252536",3.90681456387726,"1d Impasse De La Fleche, 97122 GP, France",16.252549,-61.599369,"-61,59940316,252536",,1d,Impasse De La Fleche,,97122,GP,,,,Guadeloupe,France,fr,© OpenAddresses contributors,BSD-3-Clause License,
"-63,082248","18,067592",0,"Centre Médical de Concordia, Rue de Concordia, 97150 Marigot, France",18.06759065,-63.08224951717,"-63,08224818,067592",Centre Médical de Concordia,,Rue de Concordia,Concordia,97150,,,Marigot,,Saint Martin (France),France,fr,© OpenStreetMap contributors,Open Database License,https://www.openstreetmap.org/copyright
"-61,38518999","16,3145833",16.4269416118264,"1057ter Route De Bellevue, 97160 GP, France",16.314698,-61.385287,"-61,3851899916,3145833",,1057ter,Route De Bellevue,,97160,GP,,,,Guadeloupe,France,fr,© OpenAddresses contributors,BSD-3-Clause License,
"-61,53309999","16,2411",4.41166989577655,"Bureau de Poste de Pointe A Pitre Principal, GP, France",16.24111,-61.53306,"-61,5330999916,2411",Bureau de Poste de Pointe A Pitre Principal,,,,,GP,,,,Guadeloupe,France,fr,,CC BY 4.0,https://www.geonames.org/datasources/
"-61,533133","16,241167",58.0164380205472,"39 Résidence Achille René Boisneuf, 97110 GP, France",16.241557,-61.532772,"-61,53313316,241167",,39,Résidence Achille René Boisneuf,,97110,GP,,,,Guadeloupe,France,fr,© OpenAddresses contributors,BSD-3-Clause License,
"-61,04567989","14,8313457",27.0412225185705,"27u Habitation Seguineau, 97214 Le Lorrain, France",14.831155,-61.045836,"-61,0456798914,8313457",,27u,Habitation Seguineau,,97214,MQ,,Le Lorrain,,Martinique,France,fr,© OpenAddresses contributors,BSD-3-Clause License,
"-60,873437","14,470095",1.23541220835159,"32 Boulevard Allègre, 97290 Le Marin, France",14.470085,-60.873432,"-60,87343714,470095",,32,Boulevard Allègre,,97290,MQ,,Le Marin,,Martinique,France,fr,© OpenAddresses contributors,BSD-3-Clause License,
"-60,952389","14,556144",4.33028651053916,"D 6, 97270 Saint-Esprit, France",14.5573641,-60.9492,"-60,95238914,556144",D 6,,D 6,,97270,MQ,,Saint-Esprit,,Martinique,France,fr,© OpenStreetMap contributors,Open Database License,https://www.openstreetmap.org/copyright
"-61,034342","14,536926",0,"1 Av De l’Imperatrice Josephine, 97229 Les Trois-Îlets, France",14.536926,-61.034342,"-61,03434214,536926",,1,Av De l’Imperatrice Josephine,,97229,MQ,,Les Trois-Îlets,,Martinique,France,fr,© OpenAddresses contributors,BSD-3-Clause License,
"-61,071103","14,617141",0.107596108457055,"2 Route De Balata, 97234 Fort-de-France, France",14.617141,-61.071102,"-61,07110314,617141",,2,Route De Balata,,97234,MQ,,Fort-de-France,,Martinique,France,fr,© OpenAddresses contributors,BSD-3-Clause License,
"-61,03830099","14,6706862",4.26174558857432,"30 Rue Eugene Maillard, 97212 Saint-Joseph, France",14.670655,-61.038324,"-61,0383009914,6706862",,30,Rue Eugene Maillard,,97212,MQ,,Saint-Joseph,,Martinique,France,fr,© OpenAddresses contributors,BSD-3-Clause License,
"-60,8776583","14,5919468",1.22257015216502,"97240 Le François, France",14.5919684,-60.8779999,"-60,877658314,5919468",,,,,97240,MQ,,Le François,,Martinique,France,fr,© OpenStreetMap contributors,Open Database License,https://www.openstreetmap.org/copyright
"-61,078206","14,611228",0,"4 Rue Des Hibiscus, 97200 Fort-de-France, France",14.611228,-61.078206,"-61,07820614,611228",,4,Rue Des Hibiscus,,97200,MQ,,Fort-de-France,,Martinique,France,fr,© OpenAddresses contributors,BSD-3-Clause License,
"-60,976212","14,737138",4.55537512002816,"Entrée de Sirocco, 97220 La Trinité, France",14.7372874,-60.9761364,"-60,97621214,737138",Entrée de Sirocco,,Entrée de Sirocco,Lotissement Brin d'Amour,97220,MQ,,La Trinité,,Martinique,France,fr,© OpenStreetMap contributors,Open Database License,https://www.openstreetmap.org/copyright
"-60,981033","14,521064",0,"1d La Laugier, 97215 MQ, France",14.521064,-60.981033,"-60,98103314,521064",,1d,La Laugier,,97215,MQ,,,,Martinique,France,fr,© OpenAddresses contributors,BSD-3-Clause License,
"-61,078206","14,611228",0,"4 Rue Des Hibiscus, 97200 Fort-de-France, France",14.611228,-61.078206,"-61,07820614,611228",,4,Rue Des Hibiscus,,97200,MQ,,Fort-de-France,,Martinique,France,fr,© OpenAddresses contributors,BSD-3-Clause License,
"-61,078206","14,611228",0,"4 Rue Des Hibiscus, 97200 Fort-de-France, France",14.611228,-61.078206,"-61,07820614,611228",,4,Rue Des Hibiscus,,97200,MQ,,Fort-de-France,,Martinique,France,fr,© OpenAddresses contributors,BSD-3-Clause License,
"-60,870745","14,471389",0,"Mairie du Marin, Rue Pasteur, 97290 Le Marin, France",14.47135755,-60.8706850212477,"-60,87074514,471389",Mairie du Marin,,Rue Pasteur,,97290,MQ,,Le Marin,,Martinique,France,fr,© OpenStreetMap contributors,Open Database License,https://www.openstreetmap.org/copyright
"-61,104957","14,62178",0,"7 Rue Du Petit Tamarin, 97233 Schœlcher, France",14.62178,-61.104957,"-61,10495714,62178",,7,Rue Du Petit Tamarin,,97233,MQ,,Schœlcher,,Martinique,France,fr,© OpenAddresses contributors,BSD-3-Clause License,
"-61,123789","14,765695",0,"22g Fond Marie Reine, 97260 Le Morne-Rouge, France",14.765695,-61.123789,"-61,12378914,765695",,22g,Fond Marie Reine,,97260,MQ,,Le Morne-Rouge,,Martinique,France,fr,© OpenAddresses contributors,BSD-3-Clause License,
"-61,068846","14,606438",0.154733306004748,"3 Cite Clarac, 97200 Fort-de-France, France",14.606439,-61.068845,"-61,06884614,606438",,3,Cite Clarac,,97200,MQ,,Fort-de-France,,Martinique,France,fr,© OpenAddresses contributors,BSD-3-Clause License,
"-60,963043","14,559776",3.26277669862168,"N 8, 97224 Dikos, France",14.5588341,-60.9630809,"-60,96304314,559776",N 8,,N 8,,97224,MQ,Vaudrancourt,Dikos,,Martinique,France,fr,© OpenStreetMap contributors,Open Database License,https://www.openstreetmap.org/copyright
"-60,981604","14,746943",2.48604786091131,"Route du Morne Poirier, 97220 La Trinité, France",14.7490101,-60.9859096,"-60,98160414,746943",Route du Morne Poirier,,Route du Morne Poirier,Lotissement Brin d'Amour,97220,MQ,,La Trinité,,Martinique,France,fr,© OpenStreetMap contributors,Open Database License,https://www.openstreetmap.org/copyright
"-61,180538","14,705407",5.50961749226159,"97221 Le Carbet, France",14.705244,-61.1809591,"-61,18053814,705407",,,,,97221,MQ,Grand Anse Nord,Le Carbet,,Martinique,France,fr,© OpenStreetMap contributors,Open Database License,https://www.openstreetmap.org/copyright
"-61,175785","14,741757",2.31104811913203,"Rue du Général de Gaulle, 97250 Saint-Pierre, France",14.7417452,-61.1749218,"-61,17578514,741757",Rue du Général de Gaulle,,Rue du Général de Gaulle,,97250,MQ,,Saint-Pierre,,Martinique,France,fr,© OpenStreetMap contributors,Open Database License,https://www.openstreetmap.org/copyright
"-61,03952289","14,6319231",0,"CHU de Martinique, Route de Beauséjour Jambette, 97234 Fort-de-France, France",14.6326761,-61.0386988025279,"-61,0395228914,6319231",CHU de Martinique,,Route de Beauséjour Jambette,,97234,MQ,Châteaubœuf,Fort-de-France,,Martinique,France,fr,© OpenStreetMap contributors,Open Database License,https://www.openstreetmap.org/copyright
"-60,96446779","14,7386703",1.13807061160197,"30 Rue Schoelcher, 97220 La Trinité, France",14.738676,-60.964459,"-60,9644677914,7386703",,30,Rue Schoelcher,,97220,MQ,,La Trinité,,Martinique,France,fr,© OpenAddresses contributors,BSD-3-Clause License,
"-60,9918773","14,6341437",0.298922007006534,"Chemin Hortensia, 97232 Le Lamentin, France",14.6277269,-60.9929906,"-60,991877314,6341437",Chemin Hortensia,,Chemin Hortensia,,97232,MQ,,Le Lamentin,,Martinique,France,fr,© OpenStreetMap contributors,Open Database License,https://www.openstreetmap.org/copyright
"-61,03952289","14,6319231",0,"CHU de Martinique, Route de Beauséjour Jambette, 97234 Fort-de-France, France",14.6326761,-61.0386988025279,"-61,0395228914,6319231",CHU de Martinique,,Route de Beauséjour Jambette,,97234,MQ,Châteaubœuf,Fort-de-France,,Martinique,France,fr,© OpenStreetMap contributors,Open Database License,https://www.openstreetmap.org/copyright
"-61,041449","14,629512",0.107590047153618,"2d La Meynard, 97200 MQ, France",14.629512,-61.041448,"-61,04144914,629512",,2d,La Meynard,,97200,MQ,,,,Martinique,France,fr,© OpenAddresses contributors,BSD-3-Clause License,
"-61,000058","14,616042",6.65856005196684,"1a Boulevard Fernand Guillon, 97232 MQ, France",14.615994,-61.000021,"-61,00005814,616042",,1a,Boulevard Fernand Guillon,,97232,MQ,,,,Martinique,France,fr,© OpenAddresses contributors,BSD-3-Clause License,
"-61,0518005","14,6045798",2.46614415942132,"97200 Fort-de-France, France",14.6022265,-61.051169,"-61,051800514,6045798",,,,,97200,MQ,Quartier T-S-F-Sud,Fort-de-France,,Martinique,France,fr,© OpenStreetMap contributors,Open Database License,https://www.openstreetmap.org/copyright
"-52,321871","4,921956",11.3145352055902,"6 Avenue des Flamboyants, 97300 Cayenne, France",4.92181565,-52.3218708206956,"-52,3218714,921956",,6,Avenue des Flamboyants,,97300,,Résidence Uranus,Cayenne,,French Guiana,France,fr,© OpenStreetMap contributors,Open Database License,https://www.openstreetmap.org/copyright
"-54,031692","5,501326",4.94092263478242,"97320 Saint-Laurent-du-Maroni, France",5.5015846,-54.0315591,"-54,0316925,501326",,,,,97320,,Village Chinois / La Glacière,Saint-Laurent-du-Maroni,,French Guiana,France,fr,© OpenStreetMap contributors,Open Database License,https://www.openstreetmap.org/copyright
"-52,307779","4,932218",3.32843667012689,"1453 Route De Baduel, 97300 Cayenne, France",4.932203,-52.307753,"-52,3077794,932218",,1453,Route De Baduel,,97300,,,Cayenne,,French Guiana,France,fr,© OpenAddresses contributors,BSD-3-Clause License,
"-52,32105","4,914955",8.40020901552104,"Hopital Privé Saint-Paul, 2068 Route de la Madeleine, 97300 Cayenne, France",4.91523875,-52.3228274152233,"-52,321054,914955",Hopital Privé Saint-Paul,2068,Route de la Madeleine,,97300,,Lotissement Patient,Cayenne,,French Guiana,France,fr,© OpenStreetMap contributors,Open Database License,https://www.openstreetmap.org/copyright
"-52,323177","4,922352",4.22013214256153,"Route de la Madeleine, 97300 Cayenne, France",4.9224353,-52.3232007,"-52,3231774,922352",Route de la Madeleine,,Route de la Madeleine,,97300,,Résidence Uranus,Cayenne,,French Guiana,France,fr,© OpenStreetMap contributors,Open Database License,https://www.openstreetmap.org/copyright
"-52,646551","5,164335",4.92716254716227,"Plaine de Jeux Bois Chaudat, Rue Justin Catayée, 97310 Kourou, France",5.16348,-52.6470101591681,"-52,6465515,164335",Plaine de Jeux Bois Chaudat,,Rue Justin Catayée,,97310,,Cité Cariacou,Kourou,,French Guiana,France,fr,© OpenStreetMap contributors,Open Database License,https://www.openstreetmap.org/copyright
"-52,642778","5,156229",18.2033387816204,"15 Rue Du Marche, 97310 Kourou, France",5.156218,-52.642614,"-52,6427785,156229",,15,Rue Du Marche,,97310,,,Kourou,Kourou,French Guiana,France,fr,© OpenAddresses contributors,BSD-3-Clause License,
"-52,308054","4,936021",13.621287659147,"1 Rocade De Zephir, 97300 Cayenne, France",4.935907,-52.308099,"-52,3080544,936021",,1,Rocade De Zephir,,97300,,,Cayenne,,French Guiana,France,fr,© OpenAddresses contributors,BSD-3-Clause License,
"-54,031668","5,497342",2.91194413191465,"24 Rue Roland Barat, 97320 Saint-Laurent-du-Maroni, France",5.497338,-54.031694,"-54,0316685,497342",,24,Rue Roland Barat,,97320,,,Saint-Laurent-du-Maroni,Saint-Laurent-du-Maroni,French Guiana,France,fr,© OpenAddresses contributors,BSD-3-Clause License,
"-54,029663","5,505331",4.38102733070552,"2 Rue Raoul Azur, 97320 French Guiana, France",5.505365,-54.029683,"-54,0296635,505331",,2,Rue Raoul Azur,,97320,,,,Saint-Laurent-du-Maroni,French Guiana,France,fr,© OpenAddresses contributors,BSD-3-Clause License,
"-52,3238597","4,9231055",8.41321573637124,"1096 Route De La Madeleine, 97300 Cayenne, France",4.923052,-52.323806,"-52,32385974,9231055",,1096,Route De La Madeleine,,97300,,,Cayenne,,French Guiana,France,fr,© OpenAddresses contributors,BSD-3-Clause License,
"-52,308054","4,936021",13.621287659147,"1 Rocade De Zephir, 97300 Cayenne, France",4.935907,-52.308099,"-52,3080544,936021",,1,Rocade De Zephir,,97300,,,Cayenne,,French Guiana,France,fr,© OpenAddresses contributors,BSD-3-Clause License,
"-52,646003","5,1636426",0,"Plaine de Jeux Bois Chaudat, Rue Justin Catayée, 97310 Kourou, France",5.16348,-52.6470101591681,"-52,6460035,1636426",Plaine de Jeux Bois Chaudat,,Rue Justin Catayée,,97310,,Cité Cariacou,Kourou,,French Guiana,France,fr,© OpenStreetMap contributors,Open Database License,https://www.openstreetmap.org/copyright
"55,29937","-20,975766",0.799680584577404,"Chemin Grand Pourpier, 97420 Saint-Paul, France",-20.9753579,55.3003237,"55,29937-20,975766",Chemin Grand Pourpier,,Chemin Grand Pourpier,,97420,,,Saint-Paul,,Réunion,France,fr,© OpenStreetMap contributors,Open Database License,https://www.openstreetmap.org/copyright
"55,480416","-21,342587",6.26254016375746,"10 Avenue President Mitterrand, 97410 Saint-Pierre, France",-21.342554,55.480367,"55,480416-21,342587",,10,Avenue President Mitterrand,,97410,,,Saint-Pierre,,,France,fr,© OpenAddresses contributors,BSD-3-Clause License,
"55,3317422","-20,9361022",1.47305632772055,"17 Rue Anatole France, 97419 La Possession, France",-20.936089,55.331741,"55,3317422-20,9361022",,17,Rue Anatole France,Bœuf Mort,97419,,,La Possession,,Reunion,France,fr,© OpenAddresses contributors,BSD-3-Clause License,
"55,696105","-21,057548",4.11036351263765,"Chemin Bras Madeleine, 97470 Saint-Benoît, France",-21.0569471,55.6950115,"55,696105-21,057548",Chemin Bras Madeleine,,Chemin Bras Madeleine,,97470,,,Saint-Benoît,,Réunion,France,fr,© OpenStreetMap contributors,Open Database License,https://www.openstreetmap.org/copyright
"55,402166","-21,282427",9.09838551549998,"6 Avenue Du Docteur Raymond Verges, 97450 Saint-Louis, France",-21.282484,55.402103,"55,402166-21,282427",,6,Avenue Du Docteur Raymond Verges,,97450,,,Saint-Louis,,,France,fr,© OpenAddresses contributors,BSD-3-Clause License,
"55,480663","-21,133298",1.84982838113003,"1 Rue Fleurs Jaunes, 97413 Cilaos, France",-21.133307,55.480648,"55,480663-21,133298",,1,Rue Fleurs Jaunes,Bras-Sec,97413,,,Cilaos,,Reunion,France,fr,© OpenAddresses contributors,BSD-3-Clause License,
"55,655184","-20,953828",0,"673 Chemin Lagourgue, 97440 Reunion, France",-20.953828,55.655184,"55,655184-20,953828",,673,Chemin Lagourgue,,97440,,,,,Reunion,France,fr,© OpenAddresses contributors,BSD-3-Clause License,
"55,619106","-21,379579",0,"Hôpital de Saint-Joseph, 3 Rue de l'Hôpital, 97480 Saint-Joseph, France",-21.3797044,55.6189421,"55,619106-21,379579",Hôpital de Saint-Joseph,3,Rue de l'Hôpital,,97480,,,Saint-Joseph,,Réunion,France,fr,© OpenStreetMap contributors,Open Database License,https://www.openstreetmap.org/copyright
"55,49826","-21,306275",0,"4 Rue De Mon Caprice, 97432 Reunion, France",-21.306275,55.49826,"55,49826-21,306275",,4,Rue De Mon Caprice,,97432,,,,,Reunion,France,fr,© OpenAddresses contributors,BSD-3-Clause License,
"55,65354","-20,95263",0,"200 Rue Dumesnil d’Engente, 97440 Saint-André, France",-20.95263,55.65354,"55,65354-20,95263",,200,Rue Dumesnil d’Engente,,97440,,,Saint-André,,Reunion,France,fr,© OpenAddresses contributors,BSD-3-Clause License,
"55,325826799","-20,9775867",3.79025659729767,"34 Rue Gabriel Martin, 97411 Saint-Paul, France",-20.977605,55.325796,"55,325826799-20,9775867",,34,Rue Gabriel Martin,,97411,,,Saint-Paul,,Reunion,France,fr,© OpenAddresses contributors,BSD-3-Clause License,
"55,444183","-20,87869",1.17902178920065,"26 Rue De l’Abattoir, 97400 Saint-Denis, France",-20.878681,55.444189,"55,444183-20,87869",,26,Rue De l’Abattoir,Petite Île,97400,,,Saint-Denis,,Reunion,France,fr,© OpenAddresses contributors,BSD-3-Clause License,
"55,306609","-20,949922",14.8270809628961,"16 Rue Simon Pernic, 97420 Le Port, France",-20.949943,55.306468,"55,306609-20,949922",,16,Rue Simon Pernic,,97420,,,Le Port,,Reunion,France,fr,© OpenAddresses contributors,BSD-3-Clause License,
"55,283971","-20,990783",0.452681951219236,"97862 Saint-Paul, France",-20.9903831,55.2841547,"55,283971-20,990783",,,,,97862,,,Saint-Paul,,Réunion,France,fr,© OpenStreetMap contributors,Open Database License,https://www.openstreetmap.org/copyright
"55,430543899","-21,2852088",0.0210628976141699,"Allée des Maraîchers, Saint-Louis, France",-21.2841199,55.4309719,"55,430543899-21,2852088",Allée des Maraîchers,,Allée des Maraîchers,,BP 089 - CEDEX 02 97899,,,Saint-Louis,,Réunion,France,fr,© OpenStreetMap contributors,Open Database License,https://www.openstreetmap.org/copyright
"55,608074","-21,376311",0,"19 Rue Ylang Ylang, 97480 Saint-Joseph, France",-21.376311,55.608074,"55,608074-21,376311",,19,Rue Ylang Ylang,,97480,,,Saint-Joseph,,Réunion,France,fr,© OpenAddresses contributors,BSD-3-Clause License,
"55,512702","-21,258694",5.84177356463536,"Rue du Docteur Charrières, 97430 Le Tampon, France",-21.2566346,55.5160006,"55,512702-21,258694",Rue du Docteur Charrières,,Rue du Docteur Charrières,,97430,,,Le Tampon,,Réunion,France,fr,© OpenStreetMap contributors,Open Database License,https://www.openstreetmap.org/copyright
"55,507493","-21,275072",18.3625359799887,"76 Rue De France, 97410 Reunion, France",-21.275143,55.507333,"55,507493-21,275072",,76,Rue De France,,97410,,,,,Reunion,France,fr,© OpenAddresses contributors,BSD-3-Clause License,
"55,267985299","-21,0473679",4.19702598577438,"Institut Robert Debré, 18 Impasse des Oliviers, 97435 Saint-Paul, France",-21.04720195,55.2682274868061,"55,267985299-21,0473679",Institut Robert Debré,18,Impasse des Oliviers,,97435,,,Saint-Paul,,Réunion,France,fr,© OpenStreetMap contributors,Open Database License,https://www.openstreetmap.org/copyright
"55,71148","-21,05738",0,"AURAR, N 3, 97470 Saint-Benoît, France",-21.0574732,55.711453837335,"55,71148-21,05738",AURAR,,N 3,,97470,,,Saint-Benoît,,Réunion,France,fr,© OpenStreetMap contributors,Open Database License,https://www.openstreetmap.org/copyright
"55,450675","-20,882057",21.0899525710572,"25 Rue Sainte Anne, 97400 Saint-Denis, France",-20.881868,55.450692,"55,450675-20,882057",,25,Rue Sainte Anne,,97400,,,Saint-Denis,,Reunion,France,fr,© OpenAddresses contributors,BSD-3-Clause License,
"55,304269","-20,947512",0,"Clinique les Tamarins, 1 Rue Simon Pernic, 97420 Le Port, France",-20.94756435,55.3042357487655,"55,304269-20,947512",Clinique les Tamarins,1,Rue Simon Pernic,,97420,,,Le Port,,Réunion,France,fr,© OpenStreetMap contributors,Open Database License,https://www.openstreetmap.org/copyright
"55,295846","-20,939191",8.64683128384405,"14 Rue Joseph Say, 97420 Le Port, France",-20.939209,55.295765,"55,295846-20,939191",,14,Rue Joseph Say,,97420,,,Le Port,,Reunion,France,fr,© OpenAddresses contributors,BSD-3-Clause License,
"55,464686","-20,90185",13.5575228600798,"54 Route De Montgaillard, 97400 Saint-Denis, France",-20.901739,55.464632,"55,464686-20,90185",,54,Route De Montgaillard,,97400,,,Saint-Denis,,Reunion,France,fr,© OpenAddresses contributors,BSD-3-Clause License,
"55,458053399","-20,8853887",4.87864482475383,"113 Rue Du General De Gaulle, 97400 Saint-Denis, France",-20.885347,55.458068,"55,458053399-20,8853887",,113,Rue Du General De Gaulle,,97400,,,Saint-Denis,,Reunion,France,fr,© OpenAddresses contributors,BSD-3-Clause License,
"55,653069299","-20,9521279",4.22819457610858,"266 Rue Dumesnil d’Engente, 97440 Saint-André, France",-20.95209,55.653066,"55,653069299-20,9521279",,266,Rue Dumesnil d’Engente,,97440,,,Saint-André,,Reunion,France,fr,© OpenAddresses contributors,BSD-3-Clause License,
"55,494843","-21,34341",6.19415594335122,"AURAR, Rue de Roche, 97410 Saint-Pierre, France",-21.3432082,55.4948761409584,"55,494843-21,34341",AURAR,,Rue de Roche,,97410,,,Saint-Pierre,,Réunion,France,fr,© OpenStreetMap contributors,Open Database License,https://www.openstreetmap.org/copyright
"55,399614","-21,289826",0,"15 Avenue De Toulouse, 97450 Saint-Louis, France",-21.289826,55.399614,"55,399614-21,289826",,15,Avenue De Toulouse,,97450,,,Saint-Louis,,,France,fr,© OpenAddresses contributors,BSD-3-Clause License,
"55,477400422","-20,90270279",3.93192465822627,"Centre de dialyse Sainte-Clotilde, 127 Route du Bois de Nèfles, 97400 Saint-Denis, France",-20.9027569,55.4774054876534,"55,477400422-20,90270279",Centre de dialyse Sainte-Clotilde,127,Route du Bois de Nèfles,Le Butor,97400,,,Saint-Denis,,Réunion,France,fr,© OpenStreetMap contributors,Open Database License,https://www.openstreetmap.org/copyright
"55,2958462","-20,9361799",16.6116462715615,"14 Rue Jules Ferry, 97420 Le Port, France",-20.9360609,55.2959429,"55,2958462-20,9361799",,14,Rue Jules Ferry,,97420,,,Le Port,,Réunion,France,fr,© OpenStreetMap contributors,Open Database License,https://www.openstreetmap.org/copyright
"55,306609","-20,949922",14.8270809628961,"16 Rue Simon Pernic, 97420 Le Port, France",-20.949943,55.306468,"55,306609-20,949922",,16,Rue Simon Pernic,,97420,,,Le Port,,Reunion,France,fr,© OpenAddresses contributors,BSD-3-Clause License,
"55,226304","-21,052088",3.78205667890243,"9 Rue Saint Louis, 97460 Saint-Gilles-les-Bains, France",-21.052054,55.226305,"55,226304-21,052088",,9,Rue Saint Louis,,97460,,,Saint-Gilles-les-Bains,,,France,fr,© OpenAddresses contributors,BSD-3-Clause License,
"55,4286401","-21,3004615",0,"Chemin Guillaume, Saint-Pierre, France",-21.3004615,55.4286401,"55,4286401-21,3004615",Chemin Guillaume,,Chemin Guillaume,,BP 089 - CEDEX 02 97899,,,Saint-Pierre,,Réunion,France,fr,© OpenStreetMap contributors,Open Database License,https://www.openstreetmap.org/copyright
"55,480663","-21,133298",1.84982838113003,"1 Rue Fleurs Jaunes, 97413 Cilaos, France",-21.133307,55.480648,"55,480663-21,133298",,1,Rue Fleurs Jaunes,Bras-Sec,97413,,,Cilaos,,Reunion,France,fr,© OpenAddresses contributors,BSD-3-Clause License,
"55,690947","-21,080499",12.9818002510671,"223 Route Nationale 3, 97470 Saint-Benoît, France",-21.080545,55.690832,"55,690947-21,080499",,223,Route Nationale 3,,97470,,,Saint-Benoît,,Reunion,France,fr,© OpenAddresses contributors,BSD-3-Clause License,
"55,611583","-21,377189",0,"École primaire du Butor, Rue Augustin Mondon, 97480 Saint-Joseph, France",-21.37734795,55.6120262207267,"55,611583-21,377189",École primaire du Butor,,Rue Augustin Mondon,,97480,,,Saint-Joseph,,Réunion,France,fr,© OpenStreetMap contributors,Open Database License,https://www.openstreetmap.org/copyright
"55,298382299","-20,9880883",0.304466357936626,"Bureau de Poste de Savanna, 97460 Reunion, France",-20.98809,55.29838,"55,298382299-20,9880883",Bureau de Poste de Savanna,,,,97460,,,,,Reunion,France,fr,,CC BY 4.0,https://www.geonames.org/datasources/
"55,494488","-21,343363",1.1253783945398,"AURAR II, Rue de Roche, 97410 Saint-Pierre, France",-21.3431851,55.494632672744,"55,494488-21,343363",AURAR II,,Rue de Roche,,97410,,,Saint-Pierre,,Réunion,France,fr,© OpenStreetMap contributors,Open Database License,https://www.openstreetmap.org/copyright
"55,327459","-20,947858",8.82971847125944,"39 Rue De Hanoï, 97419 La Possession, France",-20.947837,55.327377,"55,327459-20,947858",,39,Rue De Hanoï,Bœuf Mort,97419,,,La Possession,,Reunion,France,fr,© OpenAddresses contributors,BSD-3-Clause License,
"55,715257","-21,04474",0.103778402949348,"49 Rue Sarda Garriga, 97470 Saint-Benoît, France",-21.04474,55.715256,"55,715257-21,04474",,49,Rue Sarda Garriga,,97470,,,Saint-Benoît,,Reunion,France,fr,© OpenAddresses contributors,BSD-3-Clause License,
"55,533448","-20,897183",4.36760244579091,"31 Rue Andre Lardy, 97438 Sainte-Marie, France",-20.897144,55.533443,"55,533448-20,897183",,31,Rue Andre Lardy,,97438,,,Sainte-Marie,,Reunion,France,fr,© OpenAddresses contributors,BSD-3-Clause License,
"55,4272","-21,30047",43.7027364572922,"Clinique les Flamboyants Sud, 40 Chemin Cachalot, 97410 Reunion, France",-21.300863,55.427195,"55,4272-21,30047",Clinique les Flamboyants Sud,40,Chemin Cachalot,,97410,,,,,Reunion,France,fr,© OpenStreetMap contributors,Open Database License,https://www.openstreetmap.org/copyright
"-2,037808519","48,4625081",0,"Immeuble Fontaine des Eaux, Promenade de la Fontaine des Eaux, 22100 Dinan, France",48.4625081,-2.03780851982625,"-2,03780851948,4625081",Immeuble Fontaine des Eaux,,Promenade de la Fontaine des Eaux,,22100,,Dinan,Dinan,Côtes-d'Armor,Brittany,France,fr,© OpenStreetMap contributors,Open Database License,https://www.openstreetmap.org/copyright
"55,302594","-20,9418495",6.11080590190196,"31 Avenue Lenine, 97420 Le Port, France",-20.941804,55.302627,"55,302594-20,9418495",,31,Avenue Lenine,,97420,,,Le Port,,Reunion,France,fr,© OpenAddresses contributors,BSD-3-Clause License,
"55,45042","-20,888125",7.90493599126617,"60 Rue Bertin, 97400 Saint-Denis, France",-20.888183,55.450464,"55,45042-20,888125",,60,Rue Bertin,,97400,,,Saint-Denis,,Reunion,France,fr,© OpenAddresses contributors,BSD-3-Clause License,
"55,295732699","-20,9360195",21.6312919565403,"11 Rue Jules Ferry, 97420 Le Port, France",-20.9360601,55.295529,"55,295732699-20,9360195",,11,Rue Jules Ferry,,97420,,,Le Port,,Réunion,France,fr,© OpenStreetMap contributors,Open Database License,https://www.openstreetmap.org/copyright
"55,507784","-21,274683",18.3451946078043,"100 Rue De France, 97430 Le Tampon, France",-21.274571,55.507914,"55,507784-21,274683",,100,Rue De France,,97430,,,Le Tampon,,Reunion,France,fr,© OpenAddresses contributors,BSD-3-Clause License,
"55,299876","-20,9431586",6.52418715197314,"Collège de l'Oasis, Avenue Lénine, 97420 Le Port, France",-20.9423958,55.2993302297788,"55,299876-20,9431586",Collège de l'Oasis,,Avenue Lénine,,97420,,,Le Port,,Réunion,France,fr,© OpenStreetMap contributors,Open Database License,https://www.openstreetmap.org/copyright
"55,478248699","-20,9037465",3.9131775340368,"Route du Bois de Nèfles, 97400 Saint-Denis, France",-20.9031661,55.4773246,"55,478248699-20,9037465",Route du Bois de Nèfles,,Route du Bois de Nèfles,Le Butor,97400,,,Saint-Denis,,Réunion,France,fr,© OpenStreetMap contributors,Open Database License,https://www.openstreetmap.org/copyright
"55,267300799","-21,0471707",5.04562976518119,"22 Rue Joseph Hubert, 97435 Saint-Paul, France",-21.047151,55.267257,"55,267300799-21,0471707",,22,Rue Joseph Hubert,,97435,,,Saint-Paul,,Reunion,France,fr,© OpenAddresses contributors,BSD-3-Clause License,
"55,506455","-21,262743",0,"1 Rue Du Docteur Charriéres, 97430 Reunion, France",-21.262743,55.506455,"55,506455-21,262743",,1,Rue Du Docteur Charriéres,,97430,,,,,Reunion,France,fr,© OpenAddresses contributors,BSD-3-Clause License,
"55,295055","-20,9456859",9.10746914651807,"8 Allée Zimmermann, 97420 Le Port, France",-20.945604,55.295056,"55,295055-20,9456859",,8,Allée Zimmermann,,97420,,,Le Port,,Reunion,France,fr,© OpenAddresses contributors,BSD-3-Clause License,
"55,295846","-20,939191",8.64683128384405,"14 Rue Joseph Say, 97420 Le Port, France",-20.939209,55.295765,"55,295846-20,939191",,14,Rue Joseph Say,,97420,,,Le Port,,Reunion,France,fr,© OpenAddresses contributors,BSD-3-Clause License,
"55,304953","-20,946216",0,"Clinique des Flamboyants, Rue Simon Pernic, 97420 Le Port, France",-20.9460093,55.3051556745043,"55,304953-20,946216",Clinique des Flamboyants,,Rue Simon Pernic,,97420,,,Le Port,,Réunion,France,fr,© OpenStreetMap contributors,Open Database License,https://www.openstreetmap.org/copyright
"55,478546199","-20,9054389",3.06239651236783,"Route du Bois de Nèfles, 97400 Saint-Denis, France",-20.9046908,55.4784874,"55,478546199-20,9054389",Route du Bois de Nèfles,,Route du Bois de Nèfles,Le Butor,97400,,,Saint-Denis,,Réunion,France,fr,© OpenStreetMap contributors,Open Database License,https://www.openstreetmap.org/copyright
"45,227417","-12,778325",0,"Centre Hospitalier de Mayotte, Rue de l'Hôpital, 97600 Mamoudzou, France",-12.77827475,45.2273161,"45,227417-12,778325",Centre Hospitalier de Mayotte,,Rue de l'Hôpital,Sarahangue,97600,YT,,Mamoudzou,,Mayotte,France,fr,© OpenStreetMap contributors,Open Database License,https://www.openstreetmap.org/copyright
"45,2298742","-12,7798002",10.9361959861345,"Pharmacie du Centre, 5 Rue de l'Hôpital, 97600 Mamoudzou, France",-12.77971,45.229834,"45,2298742-12,7798002",Pharmacie du Centre,5,Rue de l'Hôpital,Sarahangue,97600,YT,,Mamoudzou,,Mayotte,France,fr,© OpenStreetMap contributors,Open Database License,https://www.openstreetmap.org/copyright
"45,2278","-12,7806",4.98207562239156,"Rue de La Pompé, 97600 Mamoudzou, France",-12.780642,45.227784,"45,2278-12,7806",,,Rue de La Pompé,,97600,,,Mamoudzou,,,France,fr,© OpenStreetMap contributors,Open Database License,https://www.openstreetmap.org/copyright
"45,2279908","-12,7805856",9.59261828990026,"30 Rue Pasky Daka, 97600 Mamoudzou, France",-12.780622,45.228071,"45,2279908-12,7805856",,30,Rue Pasky Daka,Sarahangue,97600,YT,,Mamoudzou,,Mayotte,France,fr,© OpenAddresses contributors,BSD-3-Clause License,
"55,4785503","-20,9054109",3.11379345108791,"Route du Bois de Nèfles, 97400 Saint-Denis, France",-20.9046908,55.4784874,"55,4785503-20,9054109",Route du Bois de Nèfles,,Route du Bois de Nèfles,Le Butor,97400,,,Saint-Denis,,Réunion,France,fr,© OpenStreetMap contributors,Open Database License,https://www.openstreetmap.org/copyright
"45,1495113","-12,9356731",0,"École Primaire de Chirongui, Rue de l'Hôtel de Ville, 97620 Mramadoudou, France",-12.9359132,45.1495400197701,"45,1495113-12,9356731",École Primaire de Chirongui,,Rue de l'Hôtel de Ville,,97620,YT,,Mramadoudou,,Mayotte,France,fr,© OpenStreetMap contributors,Open Database License,https://www.openstreetmap.org/copyright
