owner,unit,geo\time	2021 	2020 	2019 	2018 	2017 	2016 	2015 	2014 	2013 	2012 	2011 	2010 	2009 	2008 	2007 	2006 	2005 	2004 	2003 	2002 	2001 	2000 	1999 	1998 	1997 	1996 	1995 	1994 	1993 	1992 	1991 	1990 	1989 	1988 	1987 	1986 	1985 	1984 	1983 	1982 	1981 	1980 	1979 	1978 	1977 	1976 	1975 	1974 	1973 	1972 	1971 	1970 	1969 	1968 	1967 	1966 	1965 	1964 	1963 	1962 	1961 	1960 
PRV_NP,HAB_P,AT	: 	870.45 	844.90 	828.15 	822.43 	781.11 	770.09 	758.80 	749.23 	738.37 	732.89 	726.05 	725.95 	721.98 	724.43 	737.09 	735.81 	729.44 	728.38 	714.52 	709.70 	692.74 	683.75 	678.88 	677.04 	676.04 	672.56 	663.72 	651.74 	639.69 	629.35 	618.13 	611.42 	606.00 	605.77 	602.59 	609.54 	: 	: 	: 	: 	: 	: 	: 	: 	: 	: 	: 	: 	: 	: 	: 	: 	: 	: 	: 	: 	: 	: 	: 	: 	: 
PRV_NP,HAB_P,BE	247.41 	245.01 	243.29 b	240.00 	238.08 	234.34 	232.20 	233.60 	231.67 	229.27 	226.90 	225.18 	228.77 	226.89 	226.67 	225.13 	223.27 	225.29 	235.60 	235.94 	237.15 	232.59 	: 	: 	: 	: 	: 	: 	: 	: 	: 	: 	: 	: 	: 	: 	: 	: 	: 	: 	: 	: 	: 	: 	: 	: 	: 	: 	: 	: 	: 	: 	: 	: 	: 	: 	: 	: 	: 	: 	: 	: 
PRV_NP,HAB_P,CZ	: 	44574.41 	44466.12 	42015.52 	41875.25 	41764.16 	41684.03 	41602.16 	41558.39 	39366.24 	41323.18 	33679.77 b	22460.08 	22332.48 	: 	: 	: 	: 	: 	: 	: 	: 	: 	: 	: 	: 	: 	: 	: 	: 	: 	: 	: 	: 	: 	: 	: 	: 	: 	: 	: 	: 	: 	: 	: 	: 	: 	: 	: 	: 	: 	: 	: 	: 	: 	: 	: 	: 	: 	: 	: 	: 
PRV_NP,HAB_P,DE	: 	451.53 	438.30 	435.29 	432.51 	425.89 	422.62 	415.18 	408.81 	405.35 	403.57 	403.70 	405.21 	401.00 	401.49 	396.38 	388.71 	379.06 	364.69 	356.95 	: 	: 	: 	: 	: 	: 	: 	: 	: 	: 	: 	: 	: 	: 	: 	: 	: 	: 	: 	: 	: 	: 	: 	: 	: 	: 	: 	: 	: 	: 	: 	: 	: 	: 	: 	: 	: 	: 	: 	: 	: 	: 
PRV_NP,HAB_P,DK	9225.98 	9226.91 	9258.63 	9466.72 	8965.75 	9063.31 	8677.07 	9221.36 	9850.76 	9896.59 	9983.10 	11854.02 	12006.73 	12317.54 	9042.12 	8671.88 	9643.12 	11377.94 	12086.49 	11789.32 	: 	: 	: 	: 	: 	: 	: 	: 	: 	: 	: 	: 	: 	: 	: 	: 	: 	: 	: 	: 	: 	: 	: 	: 	: 	: 	: 	: 	: 	: 	: 	: 	: 	: 	: 	: 	: 	: 	: 	: 	: 	: 
PRV_NP,HAB_P,EE	: 	8752.61 	8845.99 	8938.31 	8672.71 	8969.25 	8563.85 	8340.80 	8636.94 b	2603.73 	3269.55 	3541.16 	3597.08 	3575.11 	4014.01 	4504.38 	4531.02 	6646.59 	9199.46 	: 	: 	: 	: 	: 	: 	: 	: 	: 	: 	: 	: 	: 	: 	: 	: 	: 	: 	: 	: 	: 	: 	: 	: 	: 	: 	: 	: 	: 	: 	: 	: 	: 	: 	: 	: 	: 	: 	: 	: 	: 	: 	: 
PRV_NP,HAB_P,EL	: 	: 	13027.44 	12962.42 	12029.84 	11986.62 	12282.50 	12321.73 	11867.11 	8431.31 	8451.22 	8129.63 b	7581.58 	6936.66 	6875.22 	7037.27 	7007.22 	7076.96 	7695.82 	9246.84 	10325.22 	17179.34 	36729.34 	36588.77 	36386.55 	37354.93 	: 	: 	: 	: 	: 	: 	: 	: 	: 	: 	: 	: 	: 	: 	: 	: 	: 	: 	: 	: 	: 	: 	: 	: 	: 	: 	: 	: 	: 	: 	: 	: 	: 	: 	: 	: 
PRV_NP,HAB_P,ES	: 	2740.78 p	2689.58 	2689.37 	2756.51 	2750.70 	2772.16 	2699.55 	2703.71 	2708.18 	2535.40 	2445.37 b	2346.66 	2322.91 	2291.94 	2086.83 	2046.08 	2049.66 	1934.06 	1858.08 	1824.33 	1782.81 	1766.16 	1782.25 	1746.18 	1743.67 	1975.24 	1747.80 	1672.95 	1632.11 	1526.24 	1580.23 	1510.34 	1496.91 	1489.37 	1475.34 	1463.72 	: 	: 	: 	: 	1415.03 	: 	: 	: 	: 	: 	: 	: 	: 	: 	: 	: 	: 	: 	: 	: 	: 	: 	: 	: 	: 
PRV_NP,HAB_P,FR	: 	1211.32 	1192.67 	1192.50 	1184.77 	1170.72 	1159.70 	1159.79 	1131.22 	1125.59 	1122.95 	1102.02 	1076.62 	1044.71 	1025.24 	1008.17 	983.70 	963.80 	931.39 	914.75 	893.39 	862.13 	820.63 	797.69 	774.27 	: 	: 	: 	: 	: 	: 	: 	: 	: 	: 	: 	: 	: 	: 	: 	: 	: 	: 	: 	: 	: 	: 	: 	: 	: 	: 	: 	: 	: 	: 	: 	: 	: 	: 	: 	: 	: 
PRV_NP,HAB_P,HR	: 	28909.00 	29051.47 	29220.50 	29498.95 	29803.15 	30057.09 	30257.59 	30389.10 	29853.58 	: 	: 	: 	: 	: 	: 	: 	: 	: 	: 	: 	: 	: 	: 	: 	: 	: 	: 	: 	: 	: 	: 	: 	: 	: 	: 	: 	: 	: 	: 	: 	: 	: 	: 	: 	: 	: 	: 	: 	: 	: 	: 	: 	: 	: 	: 	: 	: 	: 	: 	: 	: 
PRV_NP,HAB_P,HU	: 	: 	: 	: 	: 	: 	: 	: 	: 	: 	4846.14 	4796.17 	4896.26 	5041.78 	5096.70 b	4567.51 	4574.63 	4685.74 	4789.39 	: 	: 	: 	: 	: 	: 	: 	: 	: 	: 	: 	: 	: 	: 	: 	: 	: 	: 	: 	: 	: 	: 	: 	: 	: 	: 	: 	: 	: 	: 	: 	: 	: 	: 	: 	: 	: 	: 	: 	: 	: 	: 	: 
PRV_NP,HAB_P,IT	: 	: b	8197.79 	8080.38 	7923.65 	8186.27 	8068.36 	8156.33 	7928.65 	7473.29 	7831.63 	7587.02 	7518.49 	7634.88 	7479.62 	8270.84 	8580.44 	8593.08 	8058.66 	: 	: 	: 	: 	: 	: 	: 	: 	: 	: 	: 	: 	: 	: 	: 	: 	: 	: 	: 	: 	: 	: 	: 	: 	: 	: 	: 	: 	: 	: 	: 	: 	: 	: 	: 	: 	: 	: 	: 	: 	: 	: 	: 
PRV_NP,HAB_P,NL	: 	343.49 p	331.02 	314.04 	305.17 	293.17 	286.55 b	282.05 	270.82 	264.65 	251.60 	242.74 	237.47 	235.31 	233.02 	227.47 b	225.28 	222.45 	222.58 b	213.33 	210.62 b	203.20 	194.42 	191.83 	188.76 	187.79 	185.70 	182.03 	175.70 	172.82 	170.90 	168.12 b	164.89 	161.44 	159.27 	157.74 	156.30 	154.64 	152.25 	151.05 b	145.85 	144.63 	142.59 	140.80 	139.13 	137.87 	135.43 	133.00 	130.59 	129.06 	130.29 	131.51 	130.61 	131.91 	130.82 	131.12 	133.35 	: 	: 	: 	: 	: 
PRV_NP,HAB_P,PL	: 	12139.36 	10308.30 	10072.88 	9592.02 b	: 	: 	: 	: 	: 	: 	: 	: 	: 	: 	: 	: 	: 	: 	: 	: 	: 	: 	: 	: 	: 	: 	: 	: 	: 	: 	: 	: 	: 	: 	: 	: 	: 	: 	: 	: 	: 	: 	: 	: 	: 	: 	: 	: 	: 	: 	: 	: 	: 	: 	: 	: 	: 	: 	: 	: 	: 
PRV_NP,HAB_P,PT	: 	1435.13 	1434.43 	1404.13 	1426.63 	1429.72 	1483.97 	1527.77 	1484.15 	1499.12 	1492.45 	1618.41 	1600.76 	1602.15 	1571.47 	1579.45 	1506.93 	1522.71 	1562.18 	1649.98 	1618.92 	1579.66 	1567.87 b	1479.35 	1463.16 	1459.18 	1475.09 	1449.10 	1458.96 	1397.63 	1421.27 	1416.66 	1673.08 	1456.13 	1685.15 	1564.68 	1573.57 	: 	: 	: 	: 	: 	: 	: 	: 	: 	: 	: 	: 	: 	: 	: 	: 	: 	: 	: 	: 	: 	: 	: 	: 	: 
PRV_NP,HAB_P,RO	: 	32862.66 	33057.42 	33345.84 	37526.27 	37174.09 	41805.10 	49157.97 	57923.75 	77146.29 	86100.54 	96413.67 	: 	: 	: 	: 	: 	: 	: 	: 	: 	: 	: 	: 	: 	: 	: 	: 	: 	: 	: 	: 	: 	: 	: 	: 	: 	: 	: 	: 	: 	: 	: 	: 	: 	: 	: 	: 	: 	: 	: 	: 	: 	: 	: 	: 	: 	: 	: 	: 	: 	: 
PRV_NP,NR,AT	: 	10244.00 	10510.00 	10675.00 	10697.00 	11185.00 	11223.00 	11263.00 	11318.00 	11417.00 	11450.00 	11519.00 	11493.00 	11526.00 	11451.00 	11218.00 	11182.00 	11203.00 	11150.00 	11311.00 	11332.00 	11565.00 	11689.00 	11750.00 	11769.00 	11773.00 	11818.00 	11957.00 	12130.00 	12257.00 	12322.00 	12421.00 	12462.00 	12517.00 	12504.00 	12562.00 	12411.00 	: 	: 	: 	: 	: 	: 	: 	: 	: 	: 	: 	: 	: 	: 	: 	: 	: 	: 	: 	: 	: 	: 	: 	: 	: 
PRV_NP,NR,BE	46748.00 	47117.00 	47224 b	47612.00 	47779.00 	48354.00 	48553.00 	47984.00 	48169.00 	48445.00 	48649.00 	48495.00 	47193.00 	47203.00 	46877.00 	46853.00 	46933.00 	46257.00 	44041.00 	43794.00 	43376.00 	44074.00 	: 	: 	: 	: 	: 	: 	: 	: 	: 	: 	: 	: 	: 	: 	: 	: 	: 	: 	: 	: 	: 	: 	: 	: 	: 	: 	: 	: 	: 	: 	: 	: 	: 	: 	: 	: 	: 	: 	: 	: 
PRV_NP,NR,BG	: 	0.00 	0.00 	0.00 	0.00 	0.00 	0.00 	0.00 	0.00 	0.00 	0.00 	0.00 	0.00 	0.00 	0.00 	0.00 	0.00 	0.00 	: 	: 	: 	: 	: 	: 	: 	: 	: 	: 	: 	: 	: 	: 	: 	: 	: 	: 	: 	: 	: 	: 	: 	: 	: 	: 	: 	: 	: 	: 	: 	: 	: 	: 	: 	: 	: 	: 	: 	: 	: 	: 	: 	: 
PRV_NP,NR,CY	: 	: 	0.00 	0.00 	0.00 	0.00 	0.00 	0.00 	0.00 	0.00 	0.00 	0.00 	0.00 	0.00 	0.00 	0.00 	0.00 	0.00 	0.00 	0.00 	0.00 	0.00 	0.00 	0.00 	0.00 	0.00 	0.00 	0.00 	0.00 	0.00 	0.00 	0.00 	0.00 	0.00 	0.00 	0.00 	0.00 	0.00 	0.00 	0.00 	0.00 	0.00 	0.00 	0.00 	0.00 	0.00 	: 	: 	: 	: 	: 	: 	: 	: 	: 	: 	: 	: 	: 	: 	: 	: 
PRV_NP,NR,CZ	: 	240.00 	240.00 	253.00 	253.00 	253.00 	253.00 	253.00 	253.00 	267.00 	254.00 	311 b	465.00 	465.00 	: 	: 	: 	: 	: 	: 	: 	: 	: 	: 	: 	: 	: 	: 	: 	: 	: 	: 	: 	: 	: 	: 	: 	: 	: 	: 	: 	: 	: 	: 	: 	: 	: 	: 	: 	: 	: 	: 	: 	: 	: 	: 	: 	: 	: 	: 	: 	: 
PRV_NP,NR,DE	: 	184177.00 	189580.00 	190461.00 	191111.00 	193358.00 	193286.00 	195052.00 	197267.00 	198412.00 	198911.00 	200672.00 	202121.00 	204763.00 	204905.00 	207821.00 	212162.00 	217687.00 	226311.00 	231095.00 	: 	: 	: 	: 	: 	: 	: 	: 	: 	: 	: 	: 	: 	: 	: 	: 	: 	: 	: 	: 	: 	: 	: 	: 	: 	: 	: 	: 	: 	: 	: 	: 	: 	: 	: 	: 	: 	: 	: 	: 	: 	: 
PRV_NP,NR,DK	633.00 	632.00 	628.00 	612.00 	643.00 	632.00 	655.00 	612.00 	570.00 	565.00 	558.00 	468.00 	460.00 	446.00 	604.00 	627.00 	562.00 	475.00 	446.00 	456.00 	: 	: 	: 	: 	: 	: 	: 	: 	: 	: 	: 	: 	: 	: 	: 	: 	: 	: 	: 	: 	: 	: 	: 	: 	: 	: 	: 	: 	: 	: 	: 	: 	: 	: 	: 	: 	: 	: 	: 	: 	: 	: 
PRV_NP,NR,EE	: 	152.00 	150.00 	148.00 	152.00 	147.00 	154.00 	158.00 	153 b	508.00 	406.00 	376.00 	371.00 	374.00 	334.00 	299.00 	299.00 	205.00 	149.00 	: 	: 	: 	: 	: 	: 	: 	: 	: 	: 	: 	: 	: 	: 	: 	: 	: 	: 	: 	: 	: 	: 	: 	: 	: 	: 	: 	: 	: 	: 	: 	: 	: 	: 	: 	: 	: 	: 	: 	: 	: 	: 	: 
PRV_NP,NR,EL	: 	: 	823.00 	828.00 	894.00 	899.00 	881.00 	884.00 	924.00 	1310.00 	1314.00 	1368 b	1465.00 	1597.00 	1607.00 	1566.00 	1568.00 	1548.00 	1420.00 	1179.00 	1052.00 	629.00 	293.00 	293.00 	293.00 	284.00 	: 	: 	: 	: 	: 	: 	: 	: 	: 	: 	: 	: 	: 	: 	: 	: 	: 	: 	: 	: 	: 	: 	: 	: 	: 	: 	: 	: 	: 	: 	: 	: 	: 	: 	: 	: 
PRV_NP,NR,ES	: 	17281 p	17525.00 	17401.00 	16903.00 	16899.00 	16754.00 	17218.00 	17243.00 	17271.00 	18436.00 	19047 b	19757.00 	19783.00 	19733.00 	21275.00 	21335.00 	20941.00 	21813.00 	22298.00 	22392.00 	22755.00 	22867.00 	22569.00 	22940.00 	22877.00 	20111.00 	22628.00 	23528.00 	23992.00 	25531.00 	24596.00 	25708.00 	25898.00 	25974.00 	26153.00 	26282.00 	: 	: 	: 	: 	26495.00 	: 	: 	: 	: 	: 	: 	: 	: 	: 	: 	: 	: 	: 	: 	: 	: 	: 	: 	: 	: 
PRV_NP,NR,FR	: 	55625.00 	56385.00 	56270.00 	56482.00 	56994.00 	57384.00 	57176.00 	58241.00 	58137.00 	57997.00 	58818.00 	59914.00 	61432.00 	62255.00 	62923.00 	64045.00 	64881.00 	66651.00 	67389.00 	68505.00 	70479.00 	73543.00 	75276.00 	77274.00 	: 	: 	: 	: 	: 	: 	: 	: 	: 	: 	: 	: 	: 	: 	: 	: 	: 	: 	: 	: 	: 	: 	: 	: 	: 	: 	: 	: 	: 	: 	: 	: 	: 	: 	: 	: 	: 
PRV_NP,NR,HR	: 	140.00 	140.00 	140.00 	140.00 	140.00 	140.00 	140.00 	140.00 	143.00 	0.00 	0.00 	: 	: 	: 	: 	: 	: 	: 	: 	: 	: 	: 	: 	: 	: 	: 	: 	: 	: 	: 	: 	: 	: 	: 	: 	: 	: 	: 	: 	: 	: 	: 	: 	: 	: 	: 	: 	: 	: 	: 	: 	: 	: 	: 	: 	: 	: 	: 	: 	: 	: 
PRV_NP,NR,HU	: 	: 	: 	: 	: 	: 	: 	: 	: 	: 	2055.00 	2085.00 	2047.00 	1991.00 	1973 b	2205.00 	2205.00 	2157.00 	2115.00 	: 	: 	: 	: 	: 	: 	: 	: 	: 	: 	: 	: 	: 	: 	: 	: 	: 	: 	: 	: 	: 	: 	: 	: 	: 	: 	: 	: 	: 	: 	: 	: 	: 	: 	: 	: 	: 	: 	: 	: 	: 	: 	: 
PRV_NP,NR,IE	: 	0.00 	: 	: 	: 	: 	: 	: 	: 	: 	: 	: 	: 	: 	: 	: 	: 	: 	: 	: 	: 	: 	: 	: 	: 	: 	: 	: 	: 	: 	: 	: 	: 	: 	: 	: 	: 	: 	: 	: 	: 	: 	: 	: 	: 	: 	: 	: 	: 	: 	: 	: 	: 	: 	: 	: 	: 	: 	: 	: 	: 	: 
PRV_NP,NR,IS	: 	0.00 	0.00 	0.00 	0.00 	0.00 	0.00 	0.00 	0.00 	0.00 	0.00 	0.00 	0.00 	0.00 	0.00 	: 	: 	: 	: 	: 	: 	: 	: 	: 	: 	: 	: 	: 	: 	: 	: 	: 	: 	: 	: 	: 	: 	: 	: 	: 	: 	: 	: 	: 	: 	: 	: 	: 	: 	: 	: 	: 	: 	: 	: 	: 	: 	: 	: 	: 	: 	: 
PRV_NP,NR,IT	: 	0 b	7286.00 	7444.00 	7640.00 	7406.00 	7527.00 	7453.00 	7597.00 	7967.00 	7582.00 	7813.00 	7860.00 	7705.00 	7813.00 	7030.00 	6756.00 	6713.00 	7112.00 	: 	: 	: 	: 	: 	: 	: 	: 	: 	: 	: 	: 	: 	: 	: 	: 	: 	: 	: 	: 	: 	: 	: 	: 	: 	: 	: 	: 	: 	: 	: 	: 	: 	: 	: 	: 	: 	: 	: 	: 	: 	: 	: 
PRV_NP,NR,LI	0.00 	0.00 	0.00 	0.00 	0.00 	0.00 	0.00 	0.00 	0.00 	0.00 	0.00 	0.00 	0.00 	0.00 	0.00 	0.00 	0.00 	0.00 	0.00 	0.00 	0.00 	0.00 	0.00 	0.00 	0.00 	0.00 	0.00 	0.00 	0.00 	0.00 	0.00 	0.00 	0.00 	0.00 	0.00 	0.00 	0.00 	0.00 	0.00 	0.00 	: 	: 	: 	: 	: 	: 	: 	: 	: 	: 	: 	: 	: 	: 	: 	: 	: 	: 	: 	: 	: 	: 
PRV_NP,NR,LT	: 	0.00 	0.00 	0.00 	0.00 	0.00 	0.00 	0.00 	0.00 	0.00 	0.00 	0.00 	0.00 	0.00 	0.00 	0.00 	0.00 	0.00 	0.00 	0.00 	0.00 	0.00 	0.00 	0.00 	0.00 	0.00 	0.00 	: 	: 	: 	: 	: 	: 	: 	: 	: 	: 	: 	: 	: 	: 	: 	: 	: 	: 	: 	: 	: 	: 	: 	: 	: 	: 	: 	: 	: 	: 	: 	: 	: 	: 	: 
PRV_NP,NR,LV	: 	0.00 	0.00 	0.00 	0.00 	0.00 	0.00 	0.00 	0.00 	0.00 	0.00 	0.00 	0.00 	0.00 	0.00 	0.00 	0.00 	0.00 	0.00 	0.00 	0.00 	0.00 	: 	: 	: 	: 	: 	: 	: 	: 	: 	: 	: 	: 	: 	: 	: 	: 	: 	: 	: 	: 	: 	: 	: 	: 	: 	: 	: 	: 	: 	: 	: 	: 	: 	: 	: 	: 	: 	: 	: 	: 
PRV_NP,NR,ME	: 	0.00 	0.00 	0.00 	0.00 	0.00 	0.00 	0.00 	0.00 	0.00 	0.00 	0.00 	0.00 	0.00 	0.00 	0.00 	0.00 	0.00 	0.00 	0.00 	0.00 	0.00 	0.00 	0.00 	0.00 	0.00 	0.00 	0.00 	0.00 	0.00 	0.00 	0.00 	0.00 	0.00 	0.00 	0.00 	0.00 	0.00 	0.00 	0.00 	0.00 	0.00 	0.00 	0.00 	0.00 	0.00 	0.00 	0.00 	0.00 	0.00 	0.00 	0.00 	: 	: 	: 	: 	: 	: 	: 	: 	: 	: 
PRV_NP,NR,MK	: 	0.00 	0.00 	0.00 	0.00 	0.00 	0.00 	0.00 	0.00 	0.00 	0.00 	0.00 	0.00 	0.00 	0.00 	0.00 	: 	: 	: 	: 	: 	: 	: 	: 	: 	: 	: 	: 	: 	: 	: 	: 	: 	: 	: 	: 	: 	: 	: 	: 	: 	: 	: 	: 	: 	: 	: 	: 	: 	: 	: 	: 	: 	: 	: 	: 	: 	: 	: 	: 	: 	: 
PRV_NP,NR,MT	: 	0.00 	0.00 	0.00 	0.00 	0.00 	0.00 	0.00 	0.00 	0.00 	0.00 	0.00 	0.00 	: 	: 	: 	: 	: 	: 	: 	: 	: 	: 	: 	: 	: 	: 	: 	: 	: 	: 	: 	: 	: 	: 	: 	: 	: 	: 	: 	: 	: 	: 	: 	: 	: 	: 	: 	: 	: 	: 	: 	: 	: 	: 	: 	: 	: 	: 	: 	: 	: 
PRV_NP,NR,NL	: 	50777 p	52398.00 	54871.00 	56136.00 	58090.00 	59117 b	59795.00 	62051.00 	63310.00 	66348.00 	68450.00 	69611.00 	69888.00 	70303.00 	71860 b	72441.00 	73194.00 	72897 b	75701.00 	76187 b	78373.00 	81328.00 	81879.00 	82702.00 	82703.00 	83246.00 	84507.00 	87025.00 	87861.00 	88181.00 	88933 b	90051.00 	91427.00 	92078.00 	92381.00 	92715.00 	93277.00 	94363.00 	94755 b	97684.00 	97834.00 	98451.00 	99020.00 	99593.00 	99908.00 	100913.00 	101843.00 	102910.00 	103276.00 	101269.00 	99141.00 	98600.00 	96500.00 	96300.00 	95000.00 	92200.00 	: 	: 	: 	: 	: 
PRV_NP,NR,PL	: 	3122.00 	3683.00 	3770.00 	3959 b	: 	: 	: 	: 	: 	0.00 	0.00 	0.00 	0.00 	0.00 	: 	: 	: 	: 	: 	: 	: 	: 	: 	: 	: 	: 	: 	: 	: 	: 	: 	: 	: 	: 	: 	: 	: 	: 	: 	: 	: 	: 	: 	: 	: 	: 	: 	: 	: 	: 	: 	: 	: 	: 	: 	: 	: 	: 	: 	: 	: 
PRV_NP,NR,PT	: 	7175.00 	7171.00 	7324.00 	7220.00 	7222.00 	6980.00 	6808.00 	7046.00 	7014.00 	7074.00 	6533.00 	6602.00 	6590.00 	6709.00 	6662.00 	6970.00 	6885.00 	6695.00 	6315.00 	6401.00 	6514.00 	6517 b	6868.00 	6909.00 	6897.00 	6797.00 	6895.00 	6830.00 	7121.00 	7008.00 	7047.00 	5980.00 	6881.00 	5952.00 	6412.00 	6370.00 	: 	: 	: 	: 	: 	: 	: 	: 	: 	: 	: 	: 	: 	: 	: 	: 	: 	: 	: 	: 	: 	: 	: 	: 	: 
PRV_NP,NR,RO	: 	586.00 	586.00 	584.00 	522.00 	530.00 	474.00 	405.00 	345.00 	260.00 	234.00 	210.00 	0.00 	0.00 	0.00 	0.00 	0.00 	0.00 	0.00 	0.00 	0.00 	0.00 	0.00 	: 	: 	: 	: 	: 	: 	: 	: 	: 	: 	: 	: 	: 	: 	: 	: 	: 	: 	: 	: 	: 	: 	: 	: 	: 	: 	: 	: 	: 	: 	: 	: 	: 	: 	: 	: 	: 	: 	: 
PRV_NP,NR,RS	: 	0.00 	0.00 	0.00 	0.00 	0.00 	0.00 	0.00 	0.00 	0.00 	0.00 	0.00 	0.00 	0.00 	0.00 	0.00 	: 	: 	: 	: 	: 	: 	: 	: 	: 	: 	: 	: 	: 	: 	: 	: 	: 	: 	: 	: 	: 	: 	: 	: 	: 	: 	: 	: 	: 	: 	: 	: 	: 	: 	: 	: 	: 	: 	: 	: 	: 	: 	: 	: 	: 	: 
PRV_NP,NR,SI	: 	0.00 	0.00 	0.00 	0.00 	0.00 	0.00 	0.00 	0.00 	0.00 	0.00 	0.00 	: 	: 	: 	: 	: 	: 	: 	: 	: 	: 	: 	: 	: 	: 	: 	: 	: 	: 	: 	: 	: 	: 	: 	: 	: 	: 	: 	: 	: 	: 	: 	: 	: 	: 	: 	: 	: 	: 	: 	: 	: 	: 	: 	: 	: 	: 	: 	: 	: 	: 
PRV_NP,NR,TR	: 	0.00 	0.00 	0.00 	0.00 	0.00 	0.00 	0.00 	0.00 	0.00 	0.00 	0.00 	0.00 	0.00 	0.00 	0.00 	0.00 	0.00 	0.00 	0.00 	: 	: 	: 	: 	: 	: 	: 	: 	: 	: 	: 	: 	: 	: 	: 	: 	: 	: 	: 	: 	: 	: 	: 	: 	: 	: 	: 	: 	: 	: 	: 	: 	: 	: 	: 	: 	: 	: 	: 	: 	: 	: 
PRV_NP,P_HTHAB,AT	: 	114.88 	118.36 	120.75 	121.59 	128.02 	129.86 	131.79 	133.47 	135.43 	136.45 	137.73 	137.75 	138.51 	138.04 	135.67 	135.90 	137.09 	137.29 	139.95 	140.91 	144.35 	146.25 	147.30 	147.70 	147.92 	148.69 	150.67 	153.43 	156.33 	158.89 	161.78 	163.55 	165.02 	165.08 	165.95 	164.06 	: 	: 	: 	: 	: 	: 	: 	: 	: 	: 	: 	: 	: 	: 	: 	: 	: 	: 	: 	: 	: 	: 	: 	: 	: 
PRV_NP,P_HTHAB,BE	404.18 	408.14 	411.04 b	416.66 	420.03 	426.72 	430.66 	428.08 	431.64 	436.17 	440.73 	444.08 	437.11 	440.74 	441.17 	444.19 	447.89 	443.88 	424.45 	423.84 	421.68 	429.94 	: 	: 	: 	: 	: 	: 	: 	: 	: 	: 	: 	: 	: 	: 	: 	: 	: 	: 	: 	: 	: 	: 	: 	: 	: 	: 	: 	: 	: 	: 	: 	: 	: 	: 	: 	: 	: 	: 	: 	: 
PRV_NP,P_HTHAB,BG	: 	0.00 	0.00 	0.00 	0.00 	0.00 	0.00 	0.00 	0.00 	0.00 	0.00 	0.00 	0.00 	0.00 	0.00 	0.00 	0.00 	0.00 	: 	: 	: 	: 	: 	: 	: 	: 	: 	: 	: 	: 	: 	: 	: 	: 	: 	: 	: 	: 	: 	: 	: 	: 	: 	: 	: 	: 	: 	: 	: 	: 	: 	: 	: 	: 	: 	: 	: 	: 	: 	: 	: 	: 
PRV_NP,P_HTHAB,CY	: 	: 	0.00 	0.00 	0.00 	0.00 	0.00 	0.00 	0.00 	0.00 	0.00 	0.00 	0.00 	0.00 	0.00 	0.00 	0.00 	0.00 	0.00 	0.00 	0.00 	0.00 	0.00 	0.00 	0.00 	0.00 	0.00 	0.00 	0.00 	0.00 	0.00 	0.00 	0.00 	0.00 	0.00 	0.00 	0.00 	0.00 	0.00 	0.00 	0.00 	0.00 	0.00 	0.00 	0.00 	0.00 	: 	: 	: 	: 	: 	: 	: 	: 	: 	: 	: 	: 	: 	: 	: 	: 
PRV_NP,P_HTHAB,CZ	: 	2.24 	2.25 	2.38 	2.39 	2.39 	2.40 	2.40 	2.41 	2.54 	2.42 	2.97 b	4.45 	4.48 	: 	: 	: 	: 	: 	: 	: 	: 	: 	: 	: 	: 	: 	: 	: 	: 	: 	: 	: 	: 	: 	: 	: 	: 	: 	: 	: 	: 	: 	: 	: 	: 	: 	: 	: 	: 	: 	: 	: 	: 	: 	: 	: 	: 	: 	: 	: 	: 
PRV_NP,P_HTHAB,DE	: 	221.47 	228.15 	229.73 	231.21 	234.80 	236.62 	240.86 	244.61 	246.70 	247.79 	247.71 	246.78 	249.38 	249.08 	252.28 	257.26 	263.81 	274.20 	280.15 	: 	: 	: 	: 	: 	: 	: 	: 	: 	: 	: 	: 	: 	: 	: 	: 	: 	: 	: 	: 	: 	: 	: 	: 	: 	: 	: 	: 	: 	: 	: 	: 	: 	: 	: 	: 	: 	: 	: 	: 	: 	: 
PRV_NP,P_HTHAB,DK	10.84 	10.84 	10.80 	10.56 	11.15 	11.03 	11.52 	10.84 	10.15 	10.10 	10.02 	8.44 	8.33 	8.12 	11.06 	11.53 	10.37 	8.79 	8.27 	8.48 	: 	: 	: 	: 	: 	: 	: 	: 	: 	: 	: 	: 	: 	: 	: 	: 	: 	: 	: 	: 	: 	: 	: 	: 	: 	: 	: 	: 	: 	: 	: 	: 	: 	: 	: 	: 	: 	: 	: 	: 	: 	: 
PRV_NP,P_HTHAB,EE	: 	11.43 	11.30 	11.19 	11.53 	11.15 	11.68 	11.99 	11.58 b	38.41 	30.59 	28.24 	27.80 	27.97 	24.91 	22.20 	22.07 	15.05 	10.87 	: 	: 	: 	: 	: 	: 	: 	: 	: 	: 	: 	: 	: 	: 	: 	: 	: 	: 	: 	: 	: 	: 	: 	: 	: 	: 	: 	: 	: 	: 	: 	: 	: 	: 	: 	: 	: 	: 	: 	: 	: 	: 	: 
PRV_NP,P_HTHAB,EL	: 	: 	7.68 	7.71 	8.31 	8.34 	8.14 	8.12 	8.43 	11.86 	11.83 	12.30 b	13.19 	14.42 	14.54 	14.21 	14.27 	14.13 	12.99 	10.81 	9.69 	5.82 	2.72 	2.73 	2.75 	2.68 	: 	: 	: 	: 	: 	: 	: 	: 	: 	: 	: 	: 	: 	: 	: 	: 	: 	: 	: 	: 	: 	: 	: 	: 	: 	: 	: 	: 	: 	: 	: 	: 	: 	: 	: 	: 
PRV_NP,P_HTHAB,ES	: 	36.49 p	37.18 	37.18 	36.28 	36.35 	36.07 	37.04 	36.99 	36.93 	39.44 	40.89 b	42.61 	43.05 	43.63 	47.92 	48.87 	48.79 	51.70 	53.82 	54.81 	56.09 	56.62 	56.11 	57.27 	57.35 	50.63 	57.21 	59.77 	61.27 	65.52 	63.28 	66.21 	66.80 	67.14 	67.78 	68.32 	: 	: 	: 	: 	70.67 	: 	: 	: 	: 	: 	: 	: 	: 	: 	: 	: 	: 	: 	: 	: 	: 	: 	: 	: 	: 
PRV_NP,P_HTHAB,FR	: 	82.55 	83.85 	83.86 	84.40 	85.42 	86.23 	86.22 	88.40 	88.84 	89.05 	90.74 	92.88 	95.72 	97.54 	99.19 	101.66 	103.76 	107.37 	109.32 	111.93 	115.99 	121.86 	125.36 	129.15 	: 	: 	: 	: 	: 	: 	: 	: 	: 	: 	: 	: 	: 	: 	: 	: 	: 	: 	: 	: 	: 	: 	: 	: 	: 	: 	: 	: 	: 	: 	: 	: 	: 	: 	: 	: 	: 
PRV_NP,P_HTHAB,HR	: 	3.46 	3.44 	3.42 	3.39 	3.36 	3.33 	3.30 	3.29 	3.35 	0.00 	0.00 	: 	: 	: 	: 	: 	: 	: 	: 	: 	: 	: 	: 	: 	: 	: 	: 	: 	: 	: 	: 	: 	: 	: 	: 	: 	: 	: 	: 	: 	: 	: 	: 	: 	: 	: 	: 	: 	: 	: 	: 	: 	: 	: 	: 	: 	: 	: 	: 	: 	: 
PRV_NP,P_HTHAB,HU	: 	: 	: 	: 	: 	: 	: 	: 	: 	: 	20.63 	20.85 	20.42 	19.83 	19.62 b	21.89 	21.86 	21.34 	20.88 	: 	: 	: 	: 	: 	: 	: 	: 	: 	: 	: 	: 	: 	: 	: 	: 	: 	: 	: 	: 	: 	: 	: 	: 	: 	: 	: 	: 	: 	: 	: 	: 	: 	: 	: 	: 	: 	: 	: 	: 	: 	: 	: 
PRV_NP,P_HTHAB,IE	: 	0.00 	: 	: 	: 	: 	: 	: 	: 	: 	: 	: 	: 	: 	: 	: 	: 	: 	: 	: 	: 	: 	: 	: 	: 	: 	: 	: 	: 	: 	: 	: 	: 	: 	: 	: 	: 	: 	: 	: 	: 	: 	: 	: 	: 	: 	: 	: 	: 	: 	: 	: 	: 	: 	: 	: 	: 	: 	: 	: 	: 	: 
PRV_NP,P_HTHAB,IS	: 	0.00 	0.00 	0.00 	0.00 	0.00 	0.00 	0.00 	0.00 	0.00 	0.00 	0.00 	0.00 	0.00 	0.00 	: 	: 	: 	: 	: 	: 	: 	: 	: 	: 	: 	: 	: 	: 	: 	: 	: 	: 	: 	: 	: 	: 	: 	: 	: 	: 	: 	: 	: 	: 	: 	: 	: 	: 	: 	: 	: 	: 	: 	: 	: 	: 	: 	: 	: 	: 	: 
PRV_NP,P_HTHAB,IT	: 	0.00 b	12.20 	12.38 	12.62 	12.22 	12.39 	12.26 	12.61 	13.38 	12.77 	13.18 	13.30 	13.10 	13.37 	12.09 	11.65 	11.64 	12.41 	: 	: 	: 	: 	: 	: 	: 	: 	: 	: 	: 	: 	: 	: 	: 	: 	: 	: 	: 	: 	: 	: 	: 	: 	: 	: 	: 	: 	: 	: 	: 	: 	: 	: 	: 	: 	: 	: 	: 	: 	: 	: 	: 
PRV_NP,P_HTHAB,LI	0.00 	0.00 	0.00 	0.00 	0.00 	0.00 	0.00 	0.00 	0.00 	0.00 	0.00 	0.00 	0.00 	0.00 	0.00 	0.00 	0.00 	0.00 	0.00 	0.00 	0.00 	0.00 	0.00 	0.00 	0.00 	0.00 	0.00 	0.00 	0.00 	0.00 	0.00 	0.00 	0.00 	0.00 	0.00 	0.00 	0.00 	0.00 	0.00 	0.00 	: 	: 	: 	: 	: 	: 	: 	: 	: 	: 	: 	: 	: 	: 	: 	: 	: 	: 	: 	: 	: 	: 
PRV_NP,P_HTHAB,LT	: 	0.00 	0.00 	0.00 	0.00 	0.00 	0.00 	0.00 	0.00 	0.00 	0.00 	0.00 	0.00 	0.00 	0.00 	0.00 	0.00 	0.00 	0.00 	0.00 	0.00 	0.00 	0.00 	0.00 	0.00 	0.00 	0.00 	: 	: 	: 	: 	: 	: 	: 	: 	: 	: 	: 	: 	: 	: 	: 	: 	: 	: 	: 	: 	: 	: 	: 	: 	: 	: 	: 	: 	: 	: 	: 	: 	: 	: 	: 
PRV_NP,P_HTHAB,LV	: 	0.00 	0.00 	0.00 	0.00 	0.00 	0.00 	0.00 	0.00 	0.00 	0.00 	0.00 	0.00 	0.00 	0.00 	0.00 	0.00 	0.00 	0.00 	0.00 	0.00 	0.00 	: 	: 	: 	: 	: 	: 	: 	: 	: 	: 	: 	: 	: 	: 	: 	: 	: 	: 	: 	: 	: 	: 	: 	: 	: 	: 	: 	: 	: 	: 	: 	: 	: 	: 	: 	: 	: 	: 	: 	: 
PRV_NP,P_HTHAB,ME	: 	0.00 	0.00 	0.00 	0.00 	0.00 	0.00 	0.00 	0.00 	0.00 	0.00 	0.00 	0.00 	0.00 	0.00 	0.00 	0.00 	0.00 	0.00 	0.00 	0.00 	0.00 	0.00 	: 	: 	: 	: 	: 	: 	: 	: 	: 	: 	: 	: 	: 	: 	: 	: 	: 	: 	: 	: 	: 	: 	: 	: 	: 	: 	: 	: 	: 	: 	: 	: 	: 	: 	: 	: 	: 	: 	: 
PRV_NP,P_HTHAB,MK	: 	0.00 	0.00 	0.00 	0.00 	0.00 	0.00 	0.00 	0.00 	0.00 	0.00 	0.00 	0.00 	0.00 	0.00 	0.00 	: 	: 	: 	: 	: 	: 	: 	: 	: 	: 	: 	: 	: 	: 	: 	: 	: 	: 	: 	: 	: 	: 	: 	: 	: 	: 	: 	: 	: 	: 	: 	: 	: 	: 	: 	: 	: 	: 	: 	: 	: 	: 	: 	: 	: 	: 
PRV_NP,P_HTHAB,MT	: 	0.00 	0.00 	0.00 	0.00 	0.00 	0.00 	0.00 	0.00 	0.00 	0.00 	0.00 	0.00 	: 	: 	: 	: 	: 	: 	: 	: 	: 	: 	: 	: 	: 	: 	: 	: 	: 	: 	: 	: 	: 	: 	: 	: 	: 	: 	: 	: 	: 	: 	: 	: 	: 	: 	: 	: 	: 	: 	: 	: 	: 	: 	: 	: 	: 	: 	: 	: 	: 
PRV_NP,P_HTHAB,NL	: 	291.13 p	302.10 	318.43 	327.68 	341.10 	348.98 b	354.55 	369.25 	377.86 	397.46 	411.97 	421.11 	424.96 	429.16 	439.62 b	443.88 	449.55 	449.28 b	468.77 	474.80 b	492.12 	514.34 	521.28 	529.78 	532.52 	538.50 	549.36 	569.15 	578.64 	585.15 	594.81 b	606.45 	619.42 	627.87 	633.95 	639.78 	646.67 	656.80 	662.03 b	685.64 	691.42 	701.30 	710.24 	718.76 	725.34 	738.41 	751.88 	765.74 	774.85 	767.51 	760.37 	765.65 	758.07 	764.39 	762.67 	749.91 	: 	: 	: 	: 	: 
PRV_NP,P_HTHAB,PL	: 	8.24 	9.70 	9.93 	10.43 b	: 	: 	: 	: 	: 	0.00 	0.00 	0.00 	0.00 	0.00 	: 	: 	: 	: 	: 	: 	: 	: 	: 	: 	: 	: 	: 	: 	: 	: 	: 	: 	: 	: 	: 	: 	: 	: 	: 	: 	: 	: 	: 	: 	: 	: 	: 	: 	: 	: 	: 	: 	: 	: 	: 	: 	: 	: 	: 	: 	: 
PRV_NP,P_HTHAB,PT	: 	69.68 	69.71 	71.22 	70.10 	69.94 	67.39 	65.45 	67.38 	66.71 	67.00 	61.79 	62.47 	62.42 	63.63 	63.31 	66.36 	65.67 	64.01 	60.61 	61.77 	63.30 	63.78 b	67.60 	68.35 	68.53 	67.79 	69.01 	68.54 	71.55 	70.36 	70.59 	59.77 	68.68 	59.34 	63.91 	63.55 	: 	: 	: 	: 	: 	: 	: 	: 	: 	: 	: 	: 	: 	: 	: 	: 	: 	: 	: 	: 	: 	: 	: 	: 	: 
PRV_NP,P_HTHAB,RO	: 	3.04 	3.03 	3.00 	2.66 	2.69 	2.39 	2.03 	1.73 	1.30 	1.16 	1.04 	0.00 	0.00 	0.00 	0.00 	0.00 	0.00 	0.00 	0.00 	0.00 	0.00 	0.00 	: 	: 	: 	: 	: 	: 	: 	: 	: 	: 	: 	: 	: 	: 	: 	: 	: 	: 	: 	: 	: 	: 	: 	: 	: 	: 	: 	: 	: 	: 	: 	: 	: 	: 	: 	: 	: 	: 	: 
PRV_NP,P_HTHAB,RS	: 	0.00 	0.00 	0.00 	0.00 	0.00 	0.00 	0.00 	0.00 	0.00 	0.00 	0.00 	0.00 	0.00 	0.00 	0.00 	: 	: 	: 	: 	: 	: 	: 	: 	: 	: 	: 	: 	: 	: 	: 	: 	: 	: 	: 	: 	: 	: 	: 	: 	: 	: 	: 	: 	: 	: 	: 	: 	: 	: 	: 	: 	: 	: 	: 	: 	: 	: 	: 	: 	: 	: 
PRV_NP,P_HTHAB,SI	: 	0.00 	0.00 	0.00 	0.00 	0.00 	0.00 	0.00 	0.00 	0.00 	0.00 	0.00 	: 	: 	: 	: 	: 	: 	: 	: 	: 	: 	: 	: 	: 	: 	: 	: 	: 	: 	: 	: 	: 	: 	: 	: 	: 	: 	: 	: 	: 	: 	: 	: 	: 	: 	: 	: 	: 	: 	: 	: 	: 	: 	: 	: 	: 	: 	: 	: 	: 	: 
PRV_NP,P_HTHAB,TR	: 	0.00 	0.00 	0.00 	0.00 	0.00 	0.00 	0.00 	0.00 	0.00 	0.00 	0.00 	0.00 	0.00 	0.00 	0.00 	0.00 	0.00 	0.00 	0.00 	: 	: 	: 	: 	: 	: 	: 	: 	: 	: 	: 	: 	: 	: 	: 	: 	: 	: 	: 	: 	: 	: 	: 	: 	: 	: 	: 	: 	: 	: 	: 	: 	: 	: 	: 	: 	: 	: 	: 	: 	: 	: 
PRV_P,HAB_P,AT	: 	937.83 	983.49 	986.67 	991.50 	999.28 	980.12 	979.08 	1000.22 	1032.20 	1106.20 	1174.31 	1227.32 	1243.68 	1287.32 	1334.73 	1439.44 	1499.99 	1624.28 	1735.44 	1775.34 	1756.92 	1662.64 	1727.33 	1695.69 	1649.20 	1680.75 	1770.66 	1708.96 	1752.11 	1758.08 	1762.59 	1824.61 	1953.47 	1907.48 	1931.56 	2076.58 	: 	: 	: 	: 	: 	: 	: 	: 	: 	: 	: 	: 	: 	: 	: 	: 	: 	: 	: 	: 	: 	: 	: 	: 	: 
PRV_P,HAB_P,BG	: 	502.50 	536.51 	557.14 	576.08 	619.00 	659.14 	703.20 	856.23 	989.96 	1173.29 	1270.28 	1309.26 	1652.16 	2152.74 	2896.73 	4351.69 	6105.11 	: 	: 	: 	: 	: 	: 	: 	: 	: 	: 	: 	: 	: 	: 	: 	: 	: 	: 	: 	: 	: 	: 	: 	: 	: 	: 	: 	: 	: 	: 	: 	: 	: 	: 	: 	: 	: 	: 	: 	: 	: 	: 	: 	: 
PRV_P,HAB_P,CY	: 	: 	734.96 	722.05 	705.68 b	627.99 	622.82 	615.53 	610.01 	597.06 	578.44 	574.41 	530.21 	525.12 	522.56 	523.69 	526.78 	: 	: 	: 	: 	423.96 	: 	: 	: 	: 	421.27 	: 	407.08 	401.54 	387.94 	395.83 	389.35 	385.43 	381.36 	361.07 	371.65 	: 	: 	: 	: 	: 	: 	: 	: 	: 	: 	: 	: 	: 	: 	: 	: 	: 	: 	: 	: 	: 	: 	: 	: 	: 
PRV_P,HAB_P,CZ	: 	1034.21 	1035.00 	1011.60 	1022.83 	1024.27 	1031.60 	1028.87 	1029.80 	1007.07 	996.97 	1004.35 b	1227.54 	1290.49 	: 	: 	: 	: 	: 	: 	: 	: 	: 	: 	: 	: 	: 	: 	: 	: 	: 	: 	: 	: 	: 	: 	: 	: 	: 	: 	: 	: 	: 	: 	: 	: 	: 	: 	: 	: 	: 	: 	: 	: 	: 	: 	: 	: 	: 	: 	: 	: 
PRV_P,HAB_P,DE	: 	405.74 	408.05 	406.51 	411.46 	408.83 	408.76 	404.50 	405.79 	399.69 	400.81 	405.04 	413.22 	422.67 	424.66 	445.30 	450.91 	460.43 	472.17 	480.36 	: 	: 	: 	: 	: 	: 	: 	: 	: 	: 	: 	: 	: 	: 	: 	: 	: 	: 	: 	: 	: 	: 	: 	: 	: 	: 	: 	: 	: 	: 	: 	: 	: 	: 	: 	: 	: 	: 	: 	: 	: 	: 
PRV_P,HAB_P,DK	16497.30 	17252.67 	18227.03 	19184.22 	18839.80 	18069.43 	18333.82 	17101.44 	15816.71 	12076.83 	11345.36 	13834.62 	10362.28 	13048.98 	12911.20 	15535.06 	18308.89 	15665.28 	19047.96 	20999.73 b	29282.97 	28862.79 	26742.71 	26654.36 	27242.22 	: 	: 	: 	: 	: 	: 	: 	: 	: 	: 	: 	: 	: 	: 	: 	: 	: 	: 	: 	: 	: 	: 	: 	: 	: 	: 	: 	: 	: 	: 	: 	: 	: 	: 	: 	: 	: 
PRV_P,HAB_P,EE	: 	5455.57 	4208.37 	4377.41 	4413.35 	4746.72 	4592.90 	4570.34 	3789.52 b	3555.63 	3760.45 	4096.85 	4007.55 	3693.62 	5517.20 	2992.91 	3093.09 	2313.33 	1958.17 	1574.60 	: 	: 	: 	1863.11 	3209.94 	6493.55 	6559.97 	10156.34 	12049.42 	33328.05 	: 	: 	: 	: 	: 	: 	: 	: 	: 	: 	: 	: 	: 	: 	: 	: 	: 	: 	: 	: 	: 	: 	: 	: 	: 	: 	: 	: 	: 	: 	: 	: 
PRV_P,HAB_P,EL	: 	: 	738.30 	732.17 	722.86 	725.51 	712.60 	720.45 	718.37 	737.51 	740.57 	784.74 b	734.40 	737.15 	751.24 	730.70 	763.59 	754.75 	752.21 	753.94 	722.31 	713.68 	733.44 	727.06 	704.46 	694.02 	: 	: 	: 	: 	: 	: 	: 	: 	: 	: 	: 	: 	: 	: 	: 	: 	: 	: 	: 	: 	: 	: 	: 	: 	: 	: 	: 	: 	: 	: 	: 	: 	: 	: 	: 	: 
PRV_P,HAB_P,ES	: 	1829.20 p	1782.10 	1746.77 	1749.06 	1765.58 	1746.11 	1779.99 	1792.46 	1789.33 	1783.60 	1766.22 b	1586.20 	1548.58 	1503.80 	1533.27 	1522.29 	1490.81 	1549.42 	1507.15 	1536.94 	1524.65 	1522.88 	1509.55 	1500.78 	1455.99 	1319.69 	1447.57 	1474.65 	1445.36 	1405.76 	1356.77 	1381.33 	1364.07 	1352.38 	1341.19 	1257.34 	: 	: 	: 	: 	989.16 	: 	: 	: 	: 	: 	: 	: 	: 	: 	: 	: 	: 	: 	: 	: 	: 	: 	: 	: 	: 
PRV_P,HAB_P,FI	: 	7944.74 	7411.55 	5293.21 	4664.02 	5340.43 	4727.81 	5878.91 	4922.15 	4070.65 	3726.33 	3906.30 	3996.16 	3694.99 	3807.57 	3567.93 	3874.52 	3813.40 	4019.29 	4009.71 	3797.96 	4012.56 	3629.99 	3529.79 	3724.52 	3748.77 	3714.76 	3766.35 	: 	: 	: 	: 	: 	: 	: 	: 	: 	: 	: 	: 	: 	: 	: 	: 	: 	: 	: 	: 	: 	: 	: 	: 	: 	: 	: 	: 	: 	: 	: 	: 	: 	: 
PRV_P,HAB_P,FR	: 	721.78 	708.91 	699.10 	689.96 	686.82 	682.57 	680.01 	672.22 	664.05 	666.18 	666.52 	670.10 	676.60 	675.19 	674.16 	675.54 	668.65 	662.14 	651.69 	644.17 	632.82 	608.62 	599.37 	592.10 	: 	: 	: 	: 	: 	: 	: 	: 	: 	: 	: 	: 	: 	: 	: 	: 	: 	: 	: 	: 	: 	: 	: 	: 	: 	: 	: 	: 	: 	: 	: 	: 	: 	: 	: 	: 	: 
PRV_P,HAB_P,HR	: 	14052.99 	14474.04 	15264.44 	15409.90 	15510.93 	17906.35 	15806.20 	15359.11 	16676.02 	29950.49 	33305.05 	: 	: 	: 	: 	: 	: 	: 	: 	: 	: 	: 	: 	: 	: 	: 	: 	: 	: 	: 	: 	: 	: 	: 	: 	: 	: 	: 	: 	: 	: 	: 	: 	: 	: 	: 	: 	: 	: 	: 	: 	: 	: 	: 	: 	: 	: 	: 	: 	: 	: 
PRV_P,HAB_P,HU	: 	: 	: 	: 	: 	: 	: 	: 	: 	: 	53255.74 	55248.75 	55373.75 	66921.25 	55556.79 b	50106.32 	: 	: 	: 	: 	: 	: 	: 	: 	: 	: 	: 	: 	: 	: 	: 	: 	: 	: 	: 	: 	: 	: 	: 	: 	: 	: 	: 	: 	: 	: 	: 	: 	: 	: 	: 	: 	: 	: 	: 	: 	: 	: 	: 	: 	: 	: 
PRV_P,HAB_P,IE	: 	2907.10 	: 	: 	: 	: 	: 	: 	: 	: 	: 	: 	: 	: 	: 	: 	: 	: 	: 	: 	: 	: 	: 	: 	: 	: 	: 	: 	: 	: 	: 	: 	: 	: 	: 	: 	: 	: 	: 	: 	: 	: 	: 	: 	: 	: 	: 	: 	: 	: 	: 	: 	: 	: 	: 	: 	: 	: 	: 	: 	: 	: 
PRV_P,HAB_P,IT	: 	863.82 b	1076.70 	1075.98 	1072.87 	1085.99 	1097.71 	1086.37 	1070.43 	1057.75 	1017.03 	981.63 	958.94 	934.97 	905.43 	874.38 	879.34 	895.73 	883.64 	: 	: 	: 	: 	: 	: 	: 	: 	: 	: 	: 	: 	: 	: 	: 	: 	: 	: 	: 	: 	: 	: 	: 	: 	: 	: 	: 	: 	: 	: 	: 	: 	: 	: 	: 	: 	: 	: 	: 	: 	: 	: 	: 
PRV_P,HAB_P,LI	723.24 	720.39 	1836.31 	9561.50 	1026.00 	9429.00 	9373.50 	9311.88 	9245.88 	9164.13 	9078.00 	9005.38 	: 	: 	: 	: 	: 	: 	: 	: 	: 	: 	: 	: 	: 	: 	: 	: 	: 	: 	: 	: 	: 	: 	: 	: 	: 	: 	: 	: 	: 	: 	: 	: 	: 	: 	: 	: 	: 	: 	: 	: 	: 	: 	: 	: 	: 	: 	: 	: 	: 	: 
PRV_P,HAB_P,LT	: 	12589.57 	13563.77 	15143.47 	18366.25 	17815.10 	16228.55 	22384.48 	12272.57 	13580.79 	27528.31 	17698.75 	30412.65 	34763.38 	40391.18 	32375.34 	33225.28 	43858.11 	50973.33 	66212.83 	33055.40 	1166512.00 	1174745.83 	591555.17 	: 	400179.17 	907275.38 	: 	: 	: 	: 	: 	: 	: 	: 	: 	: 	: 	: 	: 	: 	: 	: 	: 	: 	: 	: 	: 	: 	: 	: 	: 	: 	: 	: 	: 	: 	: 	: 	: 	: 	: 
PRV_P,HAB_P,LV	: 	1863.19 	1919.58 	1797.74 	1775.36 	1751.15 	1765.65 	1797.82 	1870.49 	1919.17 	1961.63 	2738.32 	2484.53 	2065.77 	2041.12 	2403.42 	2454.82 	2539.98 	2564.97 	3869.64 	4779.49 	4911.93 	: 	: 	: 	: 	: 	: 	: 	: 	: 	: 	: 	: 	: 	: 	: 	: 	: 	: 	: 	: 	: 	: 	: 	: 	: 	: 	: 	: 	: 	: 	: 	: 	: 	: 	: 	: 	: 	: 	: 	: 
PRV_P,HAB_P,MK	: 	4934.60 	5736.72 	6829.66 	6482.82 	6299.36 	8024.13 	7203.73 	7588.35 	7633.50 	7248.38 	10431.49 	17831.92 	18275.88 	20852.64 	21033.27 	: 	: 	: 	: 	: 	: 	: 	: 	: 	: 	: 	: 	: 	: 	: 	: 	: 	: 	: 	: 	: 	: 	: 	: 	: 	: 	: 	: 	: 	: 	: 	: 	: 	: 	: 	: 	: 	: 	: 	: 	: 	: 	: 	: 	: 	: 
PRV_P,HAB_P,MT	: 	4089.94 	4098.06 	4487.31 	5199.99 	3732.43 	4120.86 	4138.64 	3520.38 	3684.45 	8005.14 b	2527.49 	2515.10 	: 	: 	: 	: 	: 	: 	: 	: 	: 	: 	: 	: 	: 	: 	: 	: 	: 	: 	: 	: 	: 	: 	: 	: 	: 	: 	: 	: 	: 	: 	: 	: 	: 	: 	: 	: 	: 	: 	: 	: 	: 	: 	: 	: 	: 	: 	: 	: 	: 
PRV_P,HAB_P,PL	: 	836.03 	854.85 	832.93 	842.85 b	: 	: 	: 	: 	: 	561.97 	620.79 	703.64 	791.83 	855.60 	: 	: 	: 	: 	: 	: 	: 	: 	: 	: 	: 	: 	: 	: 	: 	: 	: 	: 	: 	: 	: 	: 	: 	: 	: 	: 	: 	: 	: 	: 	: 	: 	: 	: 	: 	: 	: 	: 	: 	: 	: 	: 	: 	: 	: 	: 	: 
PRV_P,HAB_P,PT	: 	2175.59 	2268.19 	2587.78 	2796.71 	2746.86 	2667.54 	2964.95 	3050.55 	3487.51 	3911.66 	3449.62 	3575.18 	3711.13 	4347.61 	4362.47 	4703.69 	4449.86 	4533.52 	4928.87 	5238.99 	5274.17 	5091.10 b	5313.91 	5057.02 	5024.44 	6139.73 	6437.84 	6551.40 	6526.23 	6539.88 	6158.68 	7313.60 	6872.16 	6955.64 	6382.15 	6572.86 	: 	: 	: 	: 	: 	: 	: 	: 	: 	: 	: 	: 	: 	: 	: 	: 	: 	: 	: 	: 	: 	: 	: 	: 	: 
PRV_P,HAB_P,RO	: 	2049.98 	2167.09 	2426.66 	2737.77 	2862.45 	3017.45 	3355.63 	3775.49 	4474.24 	5554.87 	7317.26 	11423.16 	18288.40 	21753.11 	26197.48 	32799.52 	39433.36 	342449.61 	249775.82 	402399.45 	547389.54 	380882.03 	: 	: 	: 	: 	: 	: 	: 	: 	: 	: 	: 	: 	: 	: 	: 	: 	: 	: 	: 	: 	: 	: 	: 	: 	: 	: 	: 	: 	: 	: 	: 	: 	: 	: 	: 	: 	: 	: 	: 
PRV_P,HAB_P,SI	: 	20816.03 	20677.07 	20533.60 	20459.28 	20445.96 	20431.00 	20215.49 	20195.62 	20168.22 	20125.91 	20084.14 	: 	: 	: 	: 	: 	: 	: 	: 	: 	: 	: 	: 	: 	: 	: 	: 	: 	: 	: 	: 	: 	: 	: 	: 	: 	: 	: 	: 	: 	: 	: 	: 	: 	: 	: 	: 	: 	: 	: 	: 	: 	: 	: 	: 	: 	: 	: 	: 	: 	: 
PRV_P,HAB_P,TR	: 	1456.76 	1476.00 	1487.60 	1499.69 	1563.76 	1645.94 	1751.47 	1837.67 	1926.89 	2126.87 	2316.24 	2507.89 	2901.85 	3395.35 	3855.31 	4033.92 	4572.73 	4466.07 	4599.80 	: 	: 	: 	: 	: 	: 	: 	: 	: 	: 	: 	: 	: 	: 	: 	: 	: 	: 	: 	: 	: 	: 	: 	: 	: 	: 	: 	: 	: 	: 	: 	: 	: 	: 	: 	: 	: 	: 	: 	: 	: 	: 
PRV_P,NR,AT	: 	9508.00 	9029.00 	8960.00 	8873.00 	8743.00 	8818.00 	8729.00 	8478.00 	8167.00 	7586.00 	7122.00 	6798.00 	6691.00 	6444.00 	6195.00 	5716.00 	5448.00 	5000.00 	4657.00 	4530.00 	4560.00 	4807.00 	4618.00 	4699.00 	4826.00 	4729.00 	4482.00 	4626.00 	4475.00 	4411.00 	4356.00 	4176.00 	3883.00 	3971.00 	3919.00 	3643.00 	: 	: 	: 	: 	: 	: 	: 	: 	: 	: 	: 	: 	: 	: 	: 	: 	: 	: 	: 	: 	: 	: 	: 	: 	: 
PRV_P,NR,BG	: 	13799.00 	13002.00 	12609.00 	12283.00 	11515.00 	10890.00 	10273.00 	8485.00 	7380.00 	6263.00 	5822.00 	5686.00 	4535.00 	3505.00 	2624.00 	1760.00 	1264.00 	: 	: 	: 	: 	: 	: 	: 	: 	: 	: 	: 	: 	: 	: 	: 	: 	: 	: 	: 	: 	: 	: 	: 	: 	: 	: 	: 	: 	: 	: 	: 	: 	: 	: 	: 	: 	: 	: 	: 	: 	: 	: 	: 	: 
PRV_P,NR,CY	: 	: 	1200.00 	1205.00 	1218 b	1356.00 	1361.00 	1385.00 	1413.00 	1447.00 	1471.00 	1444.00 	1524.00 	1498.00 	1468.00 	1434.00 	1402.00 	: 	: 	: 	: 	1637.00 	: 	: 	: 	: 	1545.00 	: 	1538.00 	1522.00 	1534.00 	1465.00 	1458.00 	1452.00 	1452.00 	1517.00 	1457.00 	: 	: 	: 	: 	: 	: 	: 	: 	: 	: 	: 	: 	: 	: 	: 	: 	: 	: 	: 	: 	: 	: 	: 	: 	: 
PRV_P,NR,CZ	: 	10344.00 	10311.00 	10508.00 	10358.00 	10316.00 	10223.00 	10230.00 	10210.00 	10437.00 	10528.00 	10429 b	8508.00 	8047.00 	: 	: 	: 	: 	: 	: 	: 	: 	: 	: 	: 	: 	: 	: 	: 	: 	: 	: 	: 	: 	: 	: 	: 	: 	: 	: 	: 	: 	: 	: 	: 	: 	: 	: 	: 	: 	: 	: 	: 	: 	: 	: 	: 	: 	: 	: 	: 	: 
PRV_P,NR,DE	: 	204963.00 	203636.00 	203944.00 	200889.00 	201425.00 	199842.00 	200206.00 	198736.00 	201218.00 	200280.00 	200012.00 	198207.00 	194267.00 	193724.00 	184991.00 	182894.00 	179215.00 	174798.00 	171722.00 	: 	: 	: 	: 	: 	: 	: 	: 	: 	: 	: 	: 	: 	: 	: 	: 	: 	: 	: 	: 	: 	: 	: 	: 	: 	: 	: 	: 	: 	: 	: 	: 	: 	: 	: 	: 	: 	: 	: 	: 	: 	: 
PRV_P,NR,DK	354.00 	338.00 	319.00 	302.00 	306.00 	317.00 	310.00 	330.00 	355.00 	463.00 	491.00 	401.00 	533.00 	421.00 	423.00 	350.00 	296.00 	345.00 	283.00 	256 b	183.00 	185.00 	199.00 	199.00 	194.00 	: 	: 	: 	: 	: 	: 	: 	: 	: 	: 	: 	: 	: 	: 	: 	: 	: 	: 	: 	: 	: 	: 	: 	: 	: 	: 	: 	: 	: 	: 	: 	: 	: 	: 	: 	: 	: 
PRV_P,NR,EE	: 	244.00 	315.00 	302.00 	299.00 	277.00 	286.00 	288.00 	348 b	372.00 	353.00 	325.00 	333.00 	362.00 	243.00 	450.00 	438.00 	589.00 	700.00 	876.00 	: 	: 	: 	744.00 	436.00 	218.00 	219.00 	144.00 	124.00 	46.00 	: 	: 	: 	: 	: 	: 	: 	: 	: 	: 	: 	: 	: 	: 	: 	: 	: 	: 	: 	: 	: 	: 	: 	: 	: 	: 	: 	: 	: 	: 	: 	: 
PRV_P,NR,EL	: 	: 	14522.00 	14659.00 	14878.00 	14853.00 	15185.00 	15119.00 	15264.00 	14976.00 	14995.00 	14172 b	15124.00 	15028.00 	14707.00 	15082.00 	14389.00 	14515.00 	14528.00 	14460.00 	15038.00 	15141.00 	14673.00 	14745.00 	15134.00 	15286.00 	: 	: 	: 	: 	: 	: 	: 	: 	: 	: 	: 	: 	: 	: 	: 	: 	: 	: 	: 	: 	: 	: 	: 	: 	: 	: 	: 	: 	: 	: 	: 	: 	: 	: 	: 	: 
PRV_P,NR,ES	: 	25893 p	26449.00 	26791.00 	26639.00 	26328.00 	26599.00 	26113.00 	26009.00 	26140.00 	26207.00 	26371 b	29229.00 	29675.00 	30075.00 	28956.00 	28676.00 	28791.00 	27228.00 	27490.00 	26579.00 	26608.00 	26520.00 	26646.00 	26691.00 	27397.00 	30101.00 	27321.00 	26692.00 	27092.00 	27719.00 	28647.00 	28109.00 	28420.00 	28605.00 	28769.00 	30596.00 	: 	: 	: 	: 	37902.00 	: 	: 	: 	: 	: 	: 	: 	: 	: 	: 	: 	: 	: 	: 	: 	: 	: 	: 	: 	: 
PRV_P,NR,FI	: 	696.00 	745.00 	1042.00 	1181.00 	1029.00 	1159.00 	929.00 	1105.00 	1330.00 	1446.00 	1373.00 	1336.00 	1438.00 	1389.00 	1476.00 	1354.00 	1371.00 	1297.00 	1297.00 	1366.00 	1290.00 	1423.00 	1460.00 	1380.00 	1367.00 	1375.00 	1351.00 	: 	: 	: 	: 	: 	: 	: 	: 	: 	: 	: 	: 	: 	: 	: 	: 	: 	: 	: 	: 	: 	: 	: 	: 	: 	: 	: 	: 	: 	: 	: 	: 	: 	: 
PRV_P,NR,FR	: 	93352.00 	94863.00 	95983.00 	96988.00 	97150.00 	97497.00 	97516.00 	98008.00 	98545.00 	97763.00 	97250.00 	96261.00 	94855.00 	94531.00 	94099.00 	93261.00 	93520.00 	93754.00 	94591.00 	95008.00 	96018.00 	99162.00 	100183.00 	101048.00 	: 	: 	: 	: 	: 	: 	: 	: 	: 	: 	: 	: 	: 	: 	: 	: 	: 	: 	: 	: 	: 	: 	: 	: 	: 	: 	: 	: 	: 	: 	: 	: 	: 	: 	: 	: 	: 
PRV_P,NR,HR	: 	288.00 	281.00 	268.00 	268.00 	269.00 	235.00 	268.00 	277.00 	256.00 	143.00 	129.00 	: 	: 	: 	: 	: 	: 	: 	: 	: 	: 	: 	: 	: 	: 	: 	: 	: 	: 	: 	: 	: 	: 	: 	: 	: 	: 	: 	: 	: 	: 	: 	: 	: 	: 	: 	: 	: 	: 	: 	: 	: 	: 	: 	: 	: 	: 	: 	: 	: 	: 
PRV_P,NR,HU	: 	: 	: 	: 	: 	: 	: 	: 	: 	: 	187.00 	181.00 	181.00 	150.00 	181 b	201.00 	0.00 	0.00 	0.00 	: 	: 	: 	: 	: 	: 	: 	: 	: 	: 	: 	: 	: 	: 	: 	: 	: 	: 	: 	: 	: 	: 	: 	: 	: 	: 	: 	: 	: 	: 	: 	: 	: 	: 	: 	: 	: 	: 	: 	: 	: 	: 	: 
PRV_P,NR,IE	: 	1715.00 	: 	: 	: 	: 	: 	: 	: 	: 	: 	: 	: 	: 	: 	: 	: 	: 	: 	: 	: 	: 	: 	: 	: 	: 	: 	: 	: 	: 	: 	: 	: 	: 	: 	: 	: 	: 	: 	: 	: 	: 	: 	: 	: 	: 	: 	: 	: 	: 	: 	: 	: 	: 	: 	: 	: 	: 	: 	: 	: 	: 
PRV_P,NR,IS	: 	0.00 	0.00 	0.00 	0.00 	0.00 	0.00 	0.00 	0.00 	0.00 	0.00 	0.00 	0.00 	0.00 	0.00 	: 	: 	: 	: 	: 	: 	: 	: 	: 	: 	: 	: 	: 	: 	: 	: 	: 	: 	: 	: 	: 	: 	: 	: 	: 	: 	: 	: 	: 	: 	: 	: 	: 	: 	: 	: 	: 	: 	: 	: 	: 	: 	: 	: 	: 	: 	: 
PRV_P,NR,IT	: 	68822 b	55474.00 	55903.00 	56425.00 	55827.00 	55325.00 	55956.00 	56271.00 	56289.00 	58385.00 	60387.00 	61626.00 	62918.00 	64542.00 	66497.00 	65924.00 	64400.00 	64860.00 	: 	: 	: 	: 	: 	: 	: 	: 	: 	: 	: 	: 	: 	: 	: 	: 	: 	: 	: 	: 	: 	: 	: 	: 	: 	: 	: 	: 	: 	: 	: 	: 	: 	: 	: 	: 	: 	: 	: 	: 	: 	: 	: 
PRV_P,NR,LI	54.00 	54.00 	21.00 	4.00 	37.00 	4.00 	4.00 	4.00 	4.00 	4.00 	4.00 	4.00 	0.00 	0.00 	0.00 	0.00 	0.00 	0.00 	0.00 	0.00 	0.00 	0.00 	0.00 	0.00 	0.00 	0.00 	0.00 	0.00 	0.00 	0.00 	0.00 	0.00 	0.00 	0.00 	0.00 	0.00 	0.00 	0.00 	0.00 	0.00 	: 	: 	: 	: 	: 	: 	: 	: 	: 	: 	: 	: 	: 	: 	: 	: 	: 	: 	: 	: 	: 	: 
PRV_P,NR,LT	: 	222.00 	206.00 	185.00 	154.00 	161.00 	179.00 	131.00 	241.00 	220.00 	110.00 	175.00 	104.00 	92.00 	80.00 	101.00 	100.00 	77.00 	67.00 	52.00 	105.00 	3.00 	3.00 	6.00 	0.00 	9.00 	4.00 	: 	: 	: 	: 	: 	: 	: 	: 	: 	: 	: 	: 	: 	: 	: 	: 	: 	: 	: 	: 	: 	: 	: 	: 	: 	: 	: 	: 	: 	: 	: 	: 	: 	: 	: 
PRV_P,NR,LV	: 	1020.00 	997.00 	1072.00 	1094.00 	1119.00 	1120.00 	1109.00 	1076.00 	1060.00 	1050.00 	766.00 	862.00 	1054.00 	1078.00 	923.00 	912.00 	891.00 	892.00 	597.00 	489.00 	482.00 	: 	: 	: 	: 	: 	: 	: 	: 	: 	: 	: 	: 	: 	: 	: 	: 	: 	: 	: 	: 	: 	: 	: 	: 	: 	: 	: 	: 	: 	: 	: 	: 	: 	: 	: 	: 	: 	: 	: 	: 
PRV_P,NR,MK	: 	420.00 	362.00 	304.00 	320.00 	329.00 	258.00 	287.00 	272.00 	270.00 	284.00 	197.00 	115.00 	112.00 	98.00 	97.00 	: 	: 	: 	: 	: 	: 	: 	: 	: 	: 	: 	: 	: 	: 	: 	: 	: 	: 	: 	: 	: 	: 	: 	: 	: 	: 	: 	: 	: 	: 	: 	: 	: 	: 	: 	: 	: 	: 	: 	: 	: 	: 	: 	: 	: 	: 
PRV_P,NR,MT	: 	126.00 	123.00 	108.00 	90.00 	122.00 	108.00 	105.00 	121.00 	114.00 	52 b	164.00 	164.00 	: 	: 	: 	: 	: 	: 	: 	: 	: 	: 	: 	: 	: 	: 	: 	: 	: 	: 	: 	: 	: 	: 	: 	: 	: 	: 	: 	: 	: 	: 	: 	: 	: 	: 	: 	: 	: 	: 	: 	: 	: 	: 	: 	: 	: 	: 	: 	: 	: 
PRV_P,NR,PL	: 	45332.00 	44412.00 	45592.00 	45055 b	: 	: 	: 	: 	: 	67732.00 	61281.00 	54118.00 	48149.00 	44554.00 	: 	: 	: 	: 	: 	: 	: 	: 	: 	: 	: 	: 	: 	: 	: 	: 	: 	: 	: 	: 	: 	: 	: 	: 	: 	: 	: 	: 	: 	: 	: 	: 	: 	: 	: 	: 	: 	: 	: 	: 	: 	: 	: 	: 	: 	: 	: 
PRV_P,NR,PT	: 	4733.00 	4535.00 	3974.00 	3683.00 	3759.00 	3883.00 	3508.00 	3428.00 	3015.00 	2699.00 	3065.00 	2956.00 	2845.00 	2425.00 	2412.00 	2233.00 	2356.00 	2307.00 	2114.00 	1978.00 	1951.00 	2007 b	1912.00 	1999.00 	2003.00 	1633.00 	1552.00 	1521.00 	1525.00 	1523.00 	1621.00 	1368.00 	1458.00 	1442.00 	1572.00 	1525.00 	: 	: 	: 	: 	: 	: 	: 	: 	: 	: 	: 	: 	: 	: 	: 	: 	: 	: 	: 	: 	: 	: 	: 	: 	: 
PRV_P,NR,RO	: 	9394.00 	8939.00 	8025.00 	7155.00 	6883.00 	6567.00 	5933.00 	5293.00 	4483.00 	3627.00 	2767.00 	1783.00 	1123.00 	960.00 	809.00 	650.00 	544.00 	63.00 	87.00 	55.00 	41.00 	59.00 	: 	: 	: 	: 	: 	: 	: 	: 	: 	: 	: 	: 	: 	: 	: 	: 	: 	: 	: 	: 	: 	: 	: 	: 	: 	: 	: 	: 	: 	: 	: 	: 	: 	: 	: 	: 	: 	: 	: 
PRV_P,NR,SI	: 	101.00 	101.00 	101.00 	101.00 	101.00 	101.00 	102.00 	102.00 	102.00 	102.00 	102.00 	: 	: 	: 	: 	: 	: 	: 	: 	: 	: 	: 	: 	: 	: 	: 	: 	: 	: 	: 	: 	: 	: 	: 	: 	: 	: 	: 	: 	: 	: 	: 	: 	: 	: 	: 	: 	: 	: 	: 	: 	: 	: 	: 	: 	: 	: 	: 	: 	: 	: 
PRV_P,NR,TR	: 	57240.00 	55948.00 	54724.00 	53553.00 	50697.00 	47522.00 	44067.00 	41437.00 	39014.00 	34898.00 	31578.00 	28725.00 	24485.00 	20663.00 	17974.00 	16965.00 	14783.00 	14956.00 	14349.00 	: 	: 	: 	: 	: 	: 	: 	: 	: 	: 	: 	: 	: 	: 	: 	: 	: 	: 	: 	: 	: 	: 	: 	: 	: 	: 	: 	: 	: 	: 	: 	: 	: 	: 	: 	: 	: 	: 	: 	: 	: 	: 
PRV_P,P_HTHAB,AT	: 	106.63 	101.68 	101.35 	100.86 	100.07 	102.03 	102.14 	99.98 	96.88 	90.40 	85.16 	81.48 	80.41 	77.68 	74.92 	69.47 	66.67 	61.57 	57.62 	56.33 	56.92 	60.15 	57.89 	58.97 	60.64 	59.50 	56.48 	58.52 	57.07 	56.88 	56.73 	54.81 	51.19 	52.43 	51.77 	48.16 	: 	: 	: 	: 	: 	: 	: 	: 	: 	: 	: 	: 	: 	: 	: 	: 	: 	: 	: 	: 	: 	: 	: 	: 	: 
PRV_P,P_HTHAB,BG	: 	199.00 	186.39 	179.49 	173.59 	161.55 	151.71 	142.21 	116.79 	101.01 	85.23 	78.72 	76.38 	60.53 	46.45 	34.52 	22.98 	16.38 	: 	: 	: 	: 	: 	: 	: 	: 	: 	: 	: 	: 	: 	: 	: 	: 	: 	: 	: 	: 	: 	: 	: 	: 	: 	: 	: 	: 	: 	: 	: 	: 	: 	: 	: 	: 	: 	: 	: 	: 	: 	: 	: 	: 
PRV_P,P_HTHAB,CY	: 	: 	136.06 	138.50 	141.71 b	159.24 	160.56 	162.46 	163.93 	167.49 	172.88 	174.09 	188.61 	190.43 	191.36 	190.95 	189.83 	: 	: 	: 	: 	235.87 	: 	: 	: 	: 	237.38 	: 	245.65 	249.04 	257.77 	252.63 	256.84 	259.45 	262.22 	276.95 	269.07 	: 	: 	: 	: 	: 	: 	: 	: 	: 	: 	: 	: 	: 	: 	: 	: 	: 	: 	: 	: 	: 	: 	: 	: 	: 
PRV_P,P_HTHAB,CZ	: 	96.69 	96.62 	98.85 	97.77 	97.63 	96.94 	97.19 	97.11 	99.30 	100.30 	99.57 b	81.46 	77.49 	: 	: 	: 	: 	: 	: 	: 	: 	: 	: 	: 	: 	: 	: 	: 	: 	: 	: 	: 	: 	: 	: 	: 	: 	: 	: 	: 	: 	: 	: 	: 	: 	: 	: 	: 	: 	: 	: 	: 	: 	: 	: 	: 	: 	: 	: 	: 	: 
PRV_P,P_HTHAB,DE	: 	246.47 	245.07 	245.99 	243.04 	244.60 	244.64 	247.22 	246.43 	250.19 	249.49 	246.89 	242.00 	236.59 	235.48 	224.57 	221.77 	217.19 	211.79 	208.18 	: 	: 	: 	: 	: 	: 	: 	: 	: 	: 	: 	: 	: 	: 	: 	: 	: 	: 	: 	: 	: 	: 	: 	: 	: 	: 	: 	: 	: 	: 	: 	: 	: 	: 	: 	: 	: 	: 	: 	: 	: 	: 
PRV_P,P_HTHAB,DK	6.06 	5.80 	5.49 	5.21 	5.31 	5.53 	5.45 	5.85 	6.32 	8.28 	8.81 	7.23 	9.65 	7.66 	7.75 	6.44 	5.46 	6.38 	5.25 	4.76 b	3.41 	3.46 	3.74 	3.75 	3.67 	: 	: 	: 	: 	: 	: 	: 	: 	: 	: 	: 	: 	: 	: 	: 	: 	: 	: 	: 	: 	: 	: 	: 	: 	: 	: 	: 	: 	: 	: 	: 	: 	: 	: 	: 	: 	: 
PRV_P,P_HTHAB,EE	: 	18.33 	23.76 	22.84 	22.66 	21.07 	21.77 	21.88 	26.39 b	28.12 	26.59 	24.41 	24.95 	27.07 	18.13 	33.41 	32.33 	43.23 	51.07 	63.51 	: 	: 	: 	53.67 	31.15 	15.40 	15.24 	9.85 	8.30 	3.00 	: 	: 	: 	: 	: 	: 	: 	: 	: 	: 	: 	: 	: 	: 	: 	: 	: 	: 	: 	: 	: 	: 	: 	: 	: 	: 	: 	: 	: 	: 	: 	: 
PRV_P,P_HTHAB,EL	: 	: 	135.45 	136.58 	138.34 	137.83 	140.33 	138.80 	139.20 	135.59 	135.03 	127.43 b	136.17 	135.66 	133.11 	136.86 	130.96 	132.49 	132.94 	132.64 	138.44 	140.12 	136.34 	137.54 	141.95 	144.09 	: 	: 	: 	: 	: 	: 	: 	: 	: 	: 	: 	: 	: 	: 	: 	: 	: 	: 	: 	: 	: 	: 	: 	: 	: 	: 	: 	: 	: 	: 	: 	: 	: 	: 	: 	: 
PRV_P,P_HTHAB,ES	: 	54.67 p	56.11 	57.25 	57.17 	56.64 	57.27 	56.18 	55.79 	55.89 	56.07 	56.62 b	63.04 	64.58 	66.50 	65.22 	65.69 	67.08 	64.54 	66.35 	65.06 	65.59 	65.66 	66.24 	66.63 	68.68 	75.78 	69.08 	67.81 	69.19 	71.14 	73.70 	72.39 	73.31 	73.94 	74.56 	79.53 	: 	: 	: 	: 	101.10 	: 	: 	: 	: 	: 	: 	: 	: 	: 	: 	: 	: 	: 	: 	: 	: 	: 	: 	: 	: 
PRV_P,P_HTHAB,FI	: 	12.59 	13.49 	18.89 	21.44 	18.73 	21.15 	17.01 	20.32 	24.57 	26.84 	25.60 	25.02 	27.06 	26.26 	28.03 	25.81 	26.22 	24.88 	24.94 	26.33 	24.92 	27.55 	28.33 	26.85 	26.68 	26.92 	26.55 	: 	: 	: 	: 	: 	: 	: 	: 	: 	: 	: 	: 	: 	: 	: 	: 	: 	: 	: 	: 	: 	: 	: 	: 	: 	: 	: 	: 	: 	: 	: 	: 	: 	: 
PRV_P,P_HTHAB,FR	: 	138.55 	141.06 	143.04 	144.94 	145.60 	146.51 	147.06 	148.76 	150.59 	150.11 	150.03 	149.23 	147.80 	148.11 	148.33 	148.03 	149.55 	151.03 	153.45 	155.24 	158.02 	164.31 	166.84 	168.89 	: 	: 	: 	: 	: 	: 	: 	: 	: 	: 	: 	: 	: 	: 	: 	: 	: 	: 	: 	: 	: 	: 	: 	: 	: 	: 	: 	: 	: 	: 	: 	: 	: 	: 	: 	: 	: 
PRV_P,P_HTHAB,HR	: 	7.12 	6.91 	6.55 	6.49 	6.45 	5.58 	6.33 	6.51 	6.00 	3.34 	3.00 	: 	: 	: 	: 	: 	: 	: 	: 	: 	: 	: 	: 	: 	: 	: 	: 	: 	: 	: 	: 	: 	: 	: 	: 	: 	: 	: 	: 	: 	: 	: 	: 	: 	: 	: 	: 	: 	: 	: 	: 	: 	: 	: 	: 	: 	: 	: 	: 	: 	: 
PRV_P,P_HTHAB,HU	: 	: 	: 	: 	: 	: 	: 	: 	: 	: 	1.88 	1.81 	1.81 	1.49 	1.80 b	2.00 	0.00 	0.00 	0.00 	: 	: 	: 	: 	: 	: 	: 	: 	: 	: 	: 	: 	: 	: 	: 	: 	: 	: 	: 	: 	: 	: 	: 	: 	: 	: 	: 	: 	: 	: 	: 	: 	: 	: 	: 	: 	: 	: 	: 	: 	: 	: 	: 
PRV_P,P_HTHAB,IE	: 	34.40 	: 	: 	: 	: 	: 	: 	: 	: 	: 	: 	: 	: 	: 	: 	: 	: 	: 	: 	: 	: 	: 	: 	: 	: 	: 	: 	: 	: 	: 	: 	: 	: 	: 	: 	: 	: 	: 	: 	: 	: 	: 	: 	: 	: 	: 	: 	: 	: 	: 	: 	: 	: 	: 	: 	: 	: 	: 	: 	: 	: 
PRV_P,P_HTHAB,IS	: 	0.00 	0.00 	0.00 	0.00 	0.00 	0.00 	0.00 	0.00 	0.00 	0.00 	0.00 	0.00 	0.00 	0.00 	: 	: 	: 	: 	: 	: 	: 	: 	: 	: 	: 	: 	: 	: 	: 	: 	: 	: 	: 	: 	: 	: 	: 	: 	: 	: 	: 	: 	: 	: 	: 	: 	: 	: 	: 	: 	: 	: 	: 	: 	: 	: 	: 	: 	: 	: 	: 
PRV_P,P_HTHAB,IT	: 	115.77 b	92.88 	92.94 	93.21 	92.08 	91.10 	92.05 	93.42 	94.54 	98.33 	101.87 	104.28 	106.95 	110.44 	114.37 	113.72 	111.64 	113.17 	: 	: 	: 	: 	: 	: 	: 	: 	: 	: 	: 	: 	: 	: 	: 	: 	: 	: 	: 	: 	: 	: 	: 	: 	: 	: 	: 	: 	: 	: 	: 	: 	: 	: 	: 	: 	: 	: 	: 	: 	: 	: 	: 
PRV_P,P_HTHAB,LI	138.27 	138.81 	54.46 	10.46 	97.47 	10.61 	10.67 	10.74 	10.82 	10.91 	11.02 	11.10 	0.00 	0.00 	0.00 	0.00 	0.00 	0.00 	0.00 	0.00 	0.00 	0.00 	0.00 	0.00 	0.00 	0.00 	0.00 	0.00 	0.00 	0.00 	0.00 	0.00 	0.00 	0.00 	0.00 	0.00 	0.00 	0.00 	0.00 	0.00 	: 	: 	: 	: 	: 	: 	: 	: 	: 	: 	: 	: 	: 	: 	: 	: 	: 	: 	: 	: 	: 	: 
PRV_P,P_HTHAB,LT	: 	7.94 	7.37 	6.60 	5.44 	5.61 	6.16 	4.47 	8.15 	7.36 	3.63 	5.65 	3.29 	2.88 	2.48 	3.09 	3.01 	2.28 	1.96 	1.51 	3.03 	0.09 	0.09 	0.17 	0.00 	0.25 	0.11 	: 	: 	: 	: 	: 	: 	: 	: 	: 	: 	: 	: 	: 	: 	: 	: 	: 	: 	: 	: 	: 	: 	: 	: 	: 	: 	: 	: 	: 	: 	: 	: 	: 	: 	: 
PRV_P,P_HTHAB,LV	: 	53.67 	52.09 	55.63 	56.33 	57.11 	56.64 	55.62 	53.46 	52.11 	50.98 	36.52 	40.25 	48.41 	48.99 	41.61 	40.74 	39.37 	38.99 	25.84 	20.92 	20.36 	: 	: 	: 	: 	: 	: 	: 	: 	: 	: 	: 	: 	: 	: 	: 	: 	: 	: 	: 	: 	: 	: 	: 	: 	: 	: 	: 	: 	: 	: 	: 	: 	: 	: 	: 	: 	: 	: 	: 	: 
PRV_P,P_HTHAB,MK	: 	20.27 	17.43 	14.64 	15.43 	15.87 	12.46 	13.88 	13.18 	13.10 	13.80 	9.59 	5.61 	5.47 	4.80 	4.75 	: 	: 	: 	: 	: 	: 	: 	: 	: 	: 	: 	: 	: 	: 	: 	: 	: 	: 	: 	: 	: 	: 	: 	: 	: 	: 	: 	: 	: 	: 	: 	: 	: 	: 	: 	: 	: 	: 	: 	: 	: 	: 	: 	: 	: 	: 
PRV_P,P_HTHAB,MT	: 	24.45 	24.40 	22.29 	19.23 	26.79 	24.27 	24.16 	28.41 	27.14 	12.49 b	39.56 	39.76 	: 	: 	: 	: 	: 	: 	: 	: 	: 	: 	: 	: 	: 	: 	: 	: 	: 	: 	: 	: 	: 	: 	: 	: 	: 	: 	: 	: 	: 	: 	: 	: 	: 	: 	: 	: 	: 	: 	: 	: 	: 	: 	: 	: 	: 	: 	: 	: 	: 
PRV_P,P_HTHAB,PL	: 	119.61 	116.98 	120.06 	118.64 b	: 	: 	: 	: 	: 	177.95 	161.08 	142.12 	126.29 	116.88 	: 	: 	: 	: 	: 	: 	: 	: 	: 	: 	: 	: 	: 	: 	: 	: 	: 	: 	: 	: 	: 	: 	: 	: 	: 	: 	: 	: 	: 	: 	: 	: 	: 	: 	: 	: 	: 	: 	: 	: 	: 	: 	: 	: 	: 	: 	: 
PRV_P,P_HTHAB,PT	: 	45.96 	44.09 	38.64 	35.76 	36.41 	37.49 	33.73 	32.78 	28.67 	25.56 	28.99 	27.97 	26.95 	23.00 	22.92 	21.26 	22.47 	22.06 	20.29 	19.09 	18.96 	19.64 b	18.82 	19.77 	19.90 	16.29 	15.53 	15.26 	15.32 	15.29 	16.24 	13.67 	14.55 	14.38 	15.67 	15.21 	: 	: 	: 	: 	: 	: 	: 	: 	: 	: 	: 	: 	: 	: 	: 	: 	: 	: 	: 	: 	: 	: 	: 	: 	: 
PRV_P,P_HTHAB,RO	: 	48.78 	46.14 	41.21 	36.53 	34.94 	33.14 	29.80 	26.49 	22.35 	18.00 	13.67 	8.75 	5.47 	4.60 	3.82 	3.05 	2.54 	0.29 	0.40 	0.25 	0.18 	0.26 	: 	: 	: 	: 	: 	: 	: 	: 	: 	: 	: 	: 	: 	: 	: 	: 	: 	: 	: 	: 	: 	: 	: 	: 	: 	: 	: 	: 	: 	: 	: 	: 	: 	: 	: 	: 	: 	: 	: 
PRV_P,P_HTHAB,SI	: 	4.80 	4.84 	4.87 	4.89 	4.89 	4.89 	4.95 	4.95 	4.96 	4.97 	4.98 	: 	: 	: 	: 	: 	: 	: 	: 	: 	: 	: 	: 	: 	: 	: 	: 	: 	: 	: 	: 	: 	: 	: 	: 	: 	: 	: 	: 	: 	: 	: 	: 	: 	: 	: 	: 	: 	: 	: 	: 	: 	: 	: 	: 	: 	: 	: 	: 	: 	: 
PRV_P,P_HTHAB,TR	: 	68.65 	67.75 	67.22 	66.68 	63.95 	60.76 	57.10 	54.42 	51.90 	47.02 	43.17 	39.87 	34.46 	29.45 	25.94 	24.79 	21.87 	22.39 	21.74 	: 	: 	: 	: 	: 	: 	: 	: 	: 	: 	: 	: 	: 	: 	: 	: 	: 	: 	: 	: 	: 	: 	: 	: 	: 	: 	: 	: 	: 	: 	: 	: 	: 	: 	: 	: 	: 	: 	: 	: 	: 	: 
PUB,HAB_P,AT	: 	206.79 	200.45 	198.00 	194.49 	194.54 	191.65 	190.67 	188.32 	186.89 	184.92 	184.35 	182.26 	181.69 	178.74 	179.98 	177.52 	175.53 	174.07 	171.50 	170.20 	168.49 	166.04 	162.65 	159.32 	157.37 	154.92 	153.27 	152.11 	149.24 	145.20 	140.76 	136.41 	133.51 	131.32 	129.29 	127.97 	: 	: 	: 	: 	: 	: 	: 	: 	: 	: 	: 	: 	: 	: 	: 	: 	: 	: 	: 	: 	: 	: 	: 	: 	: 
PUB,HAB_P,BE	684.95 	690.03 	686.40 b	686.89 	683.44 	668.13 	655.48 	636.66 	620.69 	615.96 	608.64 	601.67 	561.47 	543.05 	539.07 	523.32 	511.23 	489.05 	437.85 	434.59 	415.99 	412.87 	: 	: 	: 	: 	: 	: 	: 	: 	: 	: 	: 	: 	: 	: 	: 	: 	: 	: 	: 	: 	: 	: 	: 	: 	: 	: 	: 	: 	: 	: 	: 	: 	: 	: 	: 	: 	: 	: 	: 	: 
PUB,HAB_P,BG	: 	171.56 	170.16 	173.18 	174.88 	176.86 	174.89 	175.20 	177.04 	178.51 	178.67 	171.54 	167.84 	166.61 	166.77 	168.56 	160.01 	166.15 	: 	: 	: 	: 	: 	: 	: 	: 	: 	: 	: 	: 	: 	: 	: 	: 	: 	: 	: 	: 	: 	: 	: 	: 	: 	: 	: 	: 	: 	: 	: 	: 	: 	: 	: 	: 	: 	: 	: 	: 	: 	: 	: 	: 
PUB,HAB_P,CY	: 	: 	570.10 	556.31 	532.21 b	545.17 	552.58 	558.29 	565.21 	559.91 	560.90 	547.85 	533.00 	531.87 	529.78 	528.10 	512.88 	509.08 	499.52 	489.06 	493.00 	462.07 	449.69 	442.95 	427.51 	382.71 	371.29 	375.32 	361.48 	337.84 	320.47 	298.92 	290.37 	287.88 	290.22 	292.91 	294.77 	276.75 	267.92 	267.21 	264.07 	248.56 	256.26 	260.91 	264.37 	265.46 	: 	: 	: 	: 	: 	: 	: 	: 	: 	: 	: 	: 	: 	: 	: 	: 
PUB,HAB_P,CZ	: 	181.61 	178.84 	178.38 	177.75 	176.55 	176.25 	176.05 	175.24 	169.15 	165.67 	159.49 b	159.12 	156.37 	: 	: 	: 	: 	: 	: 	: 	: 	: 	: 	: 	: 	: 	: 	: 	: 	: 	: 	: 	: 	: 	: 	: 	: 	: 	: 	: 	: 	: 	: 	: 	: 	: 	: 	: 	: 	: 	: 	: 	: 	: 	: 	: 	: 	: 	: 	: 	: 
PUB,HAB_P,DE	: 	318.59 	314.22 	309.96 	306.76 	305.95 	301.16 	298.74 	296.97 	296.98 	293.64 	295.89 	298.37 	298.16 	294.68 	283.40 	271.95 	265.41 	257.45 	250.65 	: 	: 	: 	: 	: 	: 	: 	: 	: 	: 	: 	: 	: 	: 	: 	: 	: 	: 	: 	: 	: 	: 	: 	: 	: 	: 	: 	: 	: 	: 	: 	: 	: 	: 	: 	: 	: 	: 	: 	: 	: 	: 
PUB,HAB_P,DK	425.38 p	413.02 	411.52 	407.51 	409.21 	411.44 	423.67 	396.53 b	344.14 	: 	340.00 b	299.29 	301.76 	293.02 	285.46 	276.90 	270.38 	261.82 	250.12 	240.77 	239.01 	234.79 	229.85 	222.09 	217.10 	: 	: 	: 	: 	: 	: 	: 	: 	: 	: 	: 	: 	: 	: 	: 	: 	: 	: 	: 	: 	: 	: 	: 	: 	: 	: 	: 	: 	: 	: 	: 	: 	: 	: 	: 	: 	: 
PUB,HAB_P,EE	: 	240.05 	239.27 	238.40 	234.51 	229.16 	222.89 	219.47 	221.07 b	205.74 	208.88 	210.64 	206.52 	196.80 	197.97 	200.21 	206.68 	197.59 	195.59 	187.11 	: 	: 	: 	141.95 	135.12 	129.09 	122.01 	118.16 	104.83 	103.61 	88.58 	86.56 	83.82 	83.28 	82.70 	81.97 	81.99 	81.80 	81.27 	80.91 	80.85 	82.07 	85.42 	88.42 	90.36 	90.48 	91.63 	91.79 	91.33 	91.73 	91.34 	92.33 	92.81 	91.97 	91.98 	92.87 	93.23 	: 	: 	: 	: 	: 
PUB,HAB_P,EL	: 	: 	363.79 	363.01 	364.63 	365.03 	362.16 	361.19 	361.63 	336.59 	332.65 	324.35 b	291.41 	299.18 	294.05 	297.42 	300.58 	305.94 	305.13 	301.64 	300.17 	302.43 	295.34 	286.21 	287.78 	286.60 	: 	: 	: 	: 	: 	: 	: 	: 	: 	: 	: 	: 	: 	: 	: 	: 	: 	: 	: 	: 	: 	: 	: 	: 	: 	: 	: 	: 	: 	: 	: 	: 	: 	: 	: 	: 
PUB,HAB_P,ES	: 	489.50 p	496.75 	493.29 	490.25 	491.17 	488.82 	491.62 	491.25 	484.78 	478.18 	467.95 b	476.38 	471.44 	466.10 	462.42 	455.42 	446.43 	440.03 	430.16 	419.42 	410.95 	402.83 	399.06 	393.82 	386.68 	380.38 	367.95 	362.03 	354.52 	350.41 	345.02 	338.52 	334.90 	331.84 	329.96 	324.55 	: 	: 	: 	: 	274.38 	: 	: 	: 	: 	: 	: 	: 	: 	: 	: 	: 	: 	: 	: 	: 	: 	: 	: 	: 	: 
PUB,HAB_P,FI	: 	370.36 	311.43 	292.15 	282.49 	264.39 	245.61 	229.20 	214.62 	198.34 	190.23 	178.52 	166.62 	158.78 	154.55 	149.11 	147.17 	146.26 	142.97 	140.80 	138.90 	137.17 	136.43 	133.53 	131.10 	127.40 	127.35 	126.12 	: 	: 	: 	: 	: 	: 	: 	: 	: 	: 	: 	: 	: 	: 	: 	: 	: 	: 	: 	: 	: 	: 	: 	: 	: 	: 	: 	: 	: 	: 	: 	: 	: 	: 
PUB,HAB_P,FR	: 	283.18 	278.64 	275.67 	271.59 	266.79 	262.66 	258.80 	256.40 	253.48 	252.00 	248.69 	235.85 	223.84 	217.22 	215.71 	211.51 	205.87 	201.54 	196.66 	193.98 	191.21 	187.28 	184.54 	181.48 	: 	: 	: 	: 	: 	: 	: 	: 	: 	: 	: 	: 	: 	: 	: 	: 	: 	: 	: 	: 	: 	: 	: 	: 	: 	: 	: 	: 	: 	: 	: 	: 	: 	: 	: 	: 	: 
PUB,HAB_P,HR	: 	179.92 	179.81 	181.40 	183.79 	185.38 	182.69 	172.12 	173.54 	172.63 	168.99 	173.93 	: 	: 	: 	: 	: 	: 	: 	: 	: 	: 	: 	: 	: 	: 	: 	: 	: 	: 	: 	: 	: 	: 	: 	: 	: 	: 	: 	: 	: 	: 	: 	: 	: 	: 	: 	: 	: 	: 	: 	: 	: 	: 	: 	: 	: 	: 	: 	: 	: 	: 
PUB,HAB_P,HU	: 	: 	: 	: 	: 	: 	: 	: 	: 	: 	143.44 	143.78 	144.48 	145.10 	143.44 b	129.23 	129.94 	130.31 	130.10 	: 	: 	: 	: 	: 	: 	: 	: 	: 	: 	: 	: 	: 	: 	: 	: 	: 	: 	: 	: 	: 	: 	: 	: 	: 	: 	: 	: 	: 	: 	: 	: 	: 	: 	: 	: 	: 	: 	: 	: 	: 	: 	: 
PUB,HAB_P,IE	: 	392.67 	: 	: 	: 	: 	: 	: 	: 	: 	: 	: 	: 	: 	: 	: 	: 	: 	: 	: 	: 	: 	: 	: 	: 	: 	: 	: 	: 	: 	: 	: 	: 	: 	: 	: 	: 	: 	: 	: 	: 	: 	: 	: 	: 	: 	: 	: 	: 	: 	: 	: 	: 	: 	: 	: 	: 	: 	: 	: 	: 	: 
PUB,HAB_P,IS	: 	352.71 	357.35 	347.85 	326.43 	319.16 	320.56 	316.31 	310.42 	308.08 	303.82 	278.98 	270.37 	255.77 	242.84 	: 	: 	: 	: 	: 	: 	: 	: 	: 	: 	: 	: 	: 	: 	: 	: 	: 	: 	: 	: 	: 	: 	: 	: 	: 	: 	: 	: 	: 	: 	: 	: 	: 	: 	: 	: 	: 	: 	: 	: 	: 	: 	: 	: 	: 	: 	: 
PUB,HAB_P,IT	: 	493.24 b	473.48 	475.85 	471.17 	469.68 	462.84 	461.29 	444.18 	426.91 	415.57 	401.12 	397.20 	386.02 	374.77 	366.51 	358.51 	358.74 	341.98 	: 	: 	: 	: 	: 	: 	: 	: 	: 	: 	: 	: 	: 	: 	: 	: 	: 	: 	: 	: 	: 	: 	: 	: 	: 	: 	: 	: 	: 	: 	: 	: 	: 	: 	: 	: 	: 	: 	: 	: 	: 	: 	: 
PUB,HAB_P,LI	1115.86 	1111.46 	1101.79 	1092.74 	703.00 	673.50 	669.54 	653.46 	648.83 	495.36 	490.70 	486.78 	510.59 	417.32 	414.85 	412.19 	369.71 	366.46 	362.54 	358.45 	353.13 	347.28 	339.16 	326.47 	318.69 	316.66 	314.04 	310.91 	307.03 	302.32 	298.05 	287.42 	283.17 	279.48 	275.57 	272.38 	268.78 	265.96 	264.46 	262.55 	: 	: 	: 	: 	: 	: 	: 	: 	: 	: 	: 	: 	: 	: 	: 	: 	: 	: 	: 	: 	: 	: 
PUB,HAB_P,LT	: 	168.57 	159.42 	157.04 	153.77 	150.71 	144.83 	138.52 	138.29 	135.65 	135.18 	140.69 	139.86 	139.87 	139.56 	140.20 	137.86 	132.57 	127.64 	123.67 	120.44 	113.22 	111.71 	110.30 	104.18 	94.38 	91.42 	89.50 	84.49 	83.02 	80.22 	80.08 	78.99 	78.07 	78.15 	78.34 	78.27 	79.71 	80.89 	81.36 	81.96 	82.87 	84.99 	86.48 	87.64 	88.34 	89.55 	92.35 	93.58 	94.60 	95.84 	96.99 	99.02 	101.71 	104.24 	107.60 	111.86 	114.66 	117.56 	121.02 	123.95 	127.81 
PUB,HAB_P,LV	: 	210.58 	203.99 	202.54 	199.86 	194.23 	195.00 	196.05 	189.93 	186.43 	186.21 	188.05 	157.80 	137.34 	136.20 	134.58 	133.39 	132.97 	132.20 	131.43 	123.92 	116.68 	: 	: 	: 	: 	: 	: 	: 	: 	: 	: 	: 	: 	: 	: 	: 	: 	: 	: 	: 	: 	: 	: 	: 	: 	: 	: 	: 	: 	: 	: 	: 	: 	: 	: 	: 	: 	: 	: 	: 	: 
PUB,HAB_P,ME	: 	259.20 	259.29 	255.55 	259.00 	254.42 	254.36 	254.22 	257.12 	251.66 	251.45 	251.19 	253.62 	254.48 	246.92 	237.38 	235.15 	233.72 	233.34 	234.51 	230.53 	231.10 	231.27 	: 	: 	: 	: 	: 	: 	: 	: 	: 	: 	: 	: 	: 	: 	: 	: 	: 	: 	: 	: 	: 	: 	: 	: 	: 	: 	: 	: 	: 	: 	: 	: 	: 	: 	: 	: 	: 	: 	: 
PUB,HAB_P,MK	: 	244.14 	244.58 	245.71 	242.38 	237.40 	234.56 	234.91 	231.78 	234.05 	228.85 	222.48 	226.14 	222.63 	221.45 	218.37 	: 	: 	: 	: 	: 	: 	: 	: 	: 	: 	: 	: 	: 	: 	: 	: 	: 	: 	: 	: 	: 	: 	: 	: 	: 	: 	: 	: 	: 	: 	: 	: 	: 	: 	: 	: 	: 	: 	: 	: 	: 	: 	: 	: 	: 	: 
PUB,HAB_P,MT	: 	241.60 	259.16 	244.76 	232.95 	227.11 	230.24 	230.05 	222.67 	225.46 	234.91 	242.40 	225.52 	: 	: 	: 	: 	: 	: 	: 	: 	: 	: 	: 	: 	: 	: 	: 	: 	: 	: 	: 	: 	: 	: 	: 	: 	: 	: 	: 	: 	: 	: 	: 	: 	: 	: 	: 	: 	: 	: 	: 	: 	: 	: 	: 	: 	: 	: 	: 	: 	: 
PUB,HAB_P,NO	: 	386.18 	379.63 	373.00 	365.29 	356.07 	346.92 	339.27 	334.05 	320.37 	301.63 	302.09 	286.74 	277.79 	: 	: 	: 	: 	: 	: 	: 	: 	: 	: 	: 	: 	: 	: 	: 	: 	: 	: 	: 	: 	: 	: 	: 	: 	: 	: 	: 	: 	: 	: 	: 	: 	: 	: 	: 	: 	: 	: 	: 	: 	: 	: 	: 	: 	: 	: 	: 	: 
PUB,HAB_P,PL	: 	203.58 	203.76 b	190.95 	187.51 b	: 	: 	: 	: 	: 	206.25 	200.04 	190.69 	186.68 b	190.30 	: 	: 	: 	: 	: 	: 	: 	: 	: 	: 	: 	: 	: 	: 	: 	: 	: 	: 	: 	: 	: 	: 	: 	: 	: 	: 	: 	: 	: 	: 	: 	: 	: 	: 	: 	: 	: 	: 	: 	: 	: 	: 	: 	: 	: 	: 	: 
PUB,HAB_P,PT	: 	421.60 	421.81 	426.52 	428.29 	429.23 	431.10 	429.69 	418.22 	407.77 	408.76 	405.91 	405.27 	400.42 	389.24 	382.20 	372.87 	369.32 	367.53 	362.64 	352.11 	346.46 	343.59 b	334.22 	328.09 	322.57 	324.89 	324.70 	320.83 	318.69 	317.57 	314.78 	299.79 	313.41 	304.36 	316.65 	315.31 	: 	: 	: 	: 	: 	: 	: 	: 	: 	: 	: 	: 	: 	: 	: 	: 	: 	: 	: 	: 	: 	: 	: 	: 	: 
PUB,HAB_P,RO	: 	151.38 	152.30 	153.24 	153.85 	154.71 	155.38 	156.42 	156.47 	157.24 	158.51 	153.67 	145.05 	146.49 	149.24 	146.45 	146.15 	147.38 	147.21 	130.11 	127.69 	130.02 	132.07 	136.80 	135.53 	132.31 	130.89 	129.96 	127.11 	127.22 	111.19 	112.09 	111.94 	111.85 	111.77 	111.84 	111.89 	112.49 	113.16 	113.49 	113.96 	113.97 	: 	: 	: 	: 	: 	: 	: 	: 	: 	: 	: 	: 	: 	: 	: 	: 	: 	: 	: 	: 
PUB,HAB_P,RS	: 	175.39 	175.76 	177.23 	178.30 	178.88 	179.20 	181.00 	181.85 	183.79 	184.19 	185.22 	186.75 	187.36 	187.05 	180.39 	: 	: 	: 	: 	: 	: 	: 	: 	: 	: 	: 	: 	: 	: 	: 	: 	: 	: 	: 	: 	: 	: 	: 	: 	: 	: 	: 	: 	: 	: 	: 	: 	: 	: 	: 	: 	: 	: 	: 	: 	: 	: 	: 	: 	: 	: 
PUB,HAB_P,SI	: 	236.41 	228.11 	228.35 	224.78 	225.32 	223.96 	222.82 	222.10 	222.47 	218.60 	221.11 	: 	: 	: 	: 	: 	: 	: 	: 	: 	: 	: 	: 	: 	: 	: 	: 	: 	: 	: 	: 	: 	: 	: 	: 	: 	: 	: 	: 	: 	: 	: 	: 	: 	: 	: 	: 	: 	: 	: 	: 	: 	: 	: 	: 	: 	: 	: 	: 	: 	: 
PUB,HAB_P,TR	: 	429.95 	454.84 	459.44 	466.09 	474.51 	482.45 	474.18 	474.16 	466.76 	465.04 	433.66 	450.49 	447.72 	445.91 	443.15 	444.37 	444.95 	443.79 	439.66 	: 	: 	: 	: 	: 	: 	: 	: 	: 	: 	: 	: 	: 	: 	: 	: 	: 	: 	: 	: 	: 	: 	: 	: 	: 	: 	: 	: 	: 	: 	: 	: 	: 	: 	: 	: 	: 	: 	: 	: 	: 	: 
PUB,HAB_P,UK	: 	: 	: 	400.74 	394.17 	388.39 	383.05 	366.38 	362.73 	356.18 	347.63 	341.44 b	306.29 	300.07 	295.12 	282.33 	268.59 	259.24 	253.27 	251.35 	247.73 	245.24 	: 	: 	: 	: 	: 	: 	: 	: 	: 	: 	: 	: 	: 	: 	: 	: 	: 	: 	: 	: 	: 	: 	: 	: 	: 	: 	: 	: 	: 	: 	: 	: 	: 	: 	: 	: 	: 	: 	: 	: 
PUB,NR,AT	: 	43121.00 	44299.00 	44650.00 	45235.00 	44910.00 	45097.00 	44823.00 	45029.00 	45107.00 	45381.00 	45367.00 	45778.00 	45801.00 	46412.00 	45941.00 	46350.00 	46555.00 	46656.00 	47124.00 	47252.00 	47549.00 	48135.00 	49042.00 	50012.00 	50574.00 	51306.00 	51779.00 	51973.00 	52536.00 	53410.00 	54547.00 	55856.00 	56814.00 	57681.00 	58551.00 	59114.00 	: 	: 	: 	: 	: 	: 	: 	: 	: 	: 	: 	: 	: 	: 	: 	: 	: 	: 	: 	: 	: 	: 	: 	: 	: 
PUB,NR,BE	16886.00 	16730.00 	16738 b	16636.00 	16644.00 	16960.00 	17200.00 	17606.00 	17979.00 	18032.00 	18136.00 	18150.00 	19229.00 	19722.00 	19711.00 	20156.00 	20497.00 	21309.00 	23698.00 	23776.00 	24728.00 	24829.00 	: 	: 	: 	: 	: 	: 	: 	: 	: 	: 	: 	: 	: 	: 	: 	: 	: 	: 	: 	: 	: 	: 	: 	: 	: 	: 	: 	: 	: 	: 	: 	: 	: 	: 	: 	: 	: 	: 	: 	: 
PUB,NR,BG	: 	40417.00 	40995.00 	40564.00 	40461.00 	40301.00 	41043.00 	41232.00 	41037.00 	40928.00 	41128.00 	43112.00 	44355.00 	44972.00 	45244.00 	45095.00 	47866.00 	46445.00 	: 	: 	: 	: 	: 	: 	: 	: 	: 	: 	: 	: 	: 	: 	: 	: 	: 	: 	: 	: 	: 	: 	: 	: 	: 	: 	: 	: 	: 	: 	: 	: 	: 	: 	: 	: 	: 	: 	: 	: 	: 	: 	: 	: 
PUB,NR,CY	: 	: 	1547.00 	1564.00 	1615 b	1562.00 	1534.00 	1527.00 	1525.00 	1543.00 	1517.00 	1514.00 	1516.00 	1479.00 	1448.00 	1422.00 	1440.00 	1430.00 	1438.00 	1451.00 	1423.00 	1502.00 	1527.00 	1533.00 	1569.00 	1728.00 	1753.00 	1703.00 	1732.00 	1809.00 	1857.00 	1940.00 	1955.00 	1944.00 	1908.00 	1870.00 	1837.00 	1933.00 	1971.00 	1960.00 	1960.00 	2048.00 	1965.00 	1915.00 	1883.00 	1875.00 	: 	: 	: 	: 	: 	: 	: 	: 	: 	: 	: 	: 	: 	: 	: 	: 
PUB,NR,CZ	: 	58906.00 	59674.00 	59590.00 	59603.00 	59850.00 	59837.00 	59787.00 	59999.00 	62138.00 	63354.00 	65673 b	65634.00 	66412.00 	: 	: 	: 	: 	: 	: 	: 	: 	: 	: 	: 	: 	: 	: 	: 	: 	: 	: 	: 	: 	: 	: 	: 	: 	: 	: 	: 	: 	: 	: 	: 	: 	: 	: 	: 	: 	: 	: 	: 	: 	: 	: 	: 	: 	: 	: 	: 	: 
PUB,NR,DE	: 	261027.00 	264446.00 	267475.00 	269448.00 	269158.00 	271236.00 	271079.00 	271557.00 	270813.00 	273382.00 	273789.00 	274502.00 	275390.00 	279170.00 	290672.00 	303247.00 	310904.00 	320581.00 	329102.00 	: 	: 	: 	: 	: 	: 	: 	: 	: 	: 	: 	: 	: 	: 	: 	: 	: 	: 	: 	: 	: 	: 	: 	: 	: 	: 	: 	: 	: 	: 	: 	: 	: 	: 	: 	: 	: 	: 	: 	: 	: 	: 
PUB,NR,DK	13729 p	14119.00 	14129.00 	14217.00 	14088.00 	13922.00 	13415.00 	14232 b	16316.00 	: 	16384 b	18536.00 	18303.00 	18748.00 	19132.00 	19636.00 	20044.00 	20642.00 	21552.00 	22328.00 	22421.00 	22742.00 	23153.00 	23883.00 	24344.00 	: 	: 	: 	: 	: 	: 	: 	: 	: 	: 	: 	: 	: 	: 	: 	: 	: 	: 	: 	: 	: 	: 	: 	: 	: 	: 	: 	: 	: 	: 	: 	: 	: 	: 	: 	: 	: 
PUB,NR,EE	: 	5539.00 	5546.00 	5545.00 	5618.00 	5742.00 	5902.00 	5993.00 	5962 b	6429.00 	6355.00 	6321.00 	6462.00 	6794.00 	6772.00 	6727.00 	6555.00 	6896.00 	7008.00 	7372.00 	: 	: 	: 	9765.00 	10358.00 	10966.00 	11775.00 	12377.00 	14253.00 	14797.00 	17626.00 	18129.00 	18709.00 	18754.00 	18769.00 	18790.00 	18645.00 	18565.00 	18565.00 	18520.00 	18400.00 	18000.00 	17190.00 	16515.00 	16050.00 	15910.00 	15600.00 	15450.00 	15395.00 	15180.00 	15075.00 	14730.00 	14495.00 	14475.00 	14340.00 	14090.00 	13885.00 	: 	: 	: 	: 	: 
PUB,NR,EL	: 	: 	29472.00 	29566.00 	29495.00 	29521.00 	29879.00 	30157.00 	30322.00 	32814.00 	33383.00 	34288 b	38115.00 	37027.00 	37574.00 	37053.00 	36554.00 	35808.00 	35814.00 	36142.00 	36186.00 	35730.00 	36438.00 	37457.00 	37047.00 	37016.00 	: 	: 	: 	: 	: 	: 	: 	: 	: 	: 	: 	: 	: 	: 	: 	: 	: 	: 	: 	: 	: 	: 	: 	: 	: 	: 	: 	: 	: 	: 	: 	: 	: 	: 	: 	: 
PUB,NR,ES	: 	96759 p	94887.00 	94869.00 	95039.00 	94640.00 	95015.00 	94546.00 	94901.00 	96484.00 	97751.00 	99533 b	97324.00 	97476.00 	97032.00 	96010.00 	95852.00 	96145.00 	95875.00 	96316.00 	97398.00 	98718.00 	100259.00 	100795.00 	101714.00 	103159.00 	104432.00 	107484.00 	108724.00 	110453.00 	111201.00 	112654.00 	114697.00 	115758.00 	116576.00 	116938.00 	118532.00 	: 	: 	: 	: 	136638.00 	: 	: 	: 	: 	: 	: 	: 	: 	: 	: 	: 	: 	: 	: 	: 	: 	: 	: 	: 	: 
PUB,NR,FI	: 	14930.00 	17730.00 	18879.00 	19499.00 	20785.00 	22310.00 	23829.00 	25342.00 	27296.00 	28325.00 	30044.00 	32043.00 	33463.00 	34220.00 	35318.00 	35647.00 	35746.00 	36462.00 	36935.00 	37350.00 	37737.00 	37862.00 	38595.00 	39206.00 	40224.00 	40108.00 	40344.00 	: 	: 	: 	: 	: 	: 	: 	: 	: 	: 	: 	: 	: 	: 	: 	: 	: 	: 	: 	: 	: 	: 	: 	: 	: 	: 	: 	: 	: 	: 	: 	: 	: 	: 
PUB,NR,FR	: 	237941.00 	241345.00 	243417.00 	246395.00 	250104.00 	253364.00 	256229.00 	256957.00 	258158.00 	258444.00 	260642.00 	273499.00 	286721.00 	293829.00 	294088.00 	297869.00 	303742.00 	308013.00 	313451.00 	315512.00 	317782.00 	322255.00 	325387.00 	329674.00 	: 	: 	: 	: 	: 	: 	: 	: 	: 	: 	: 	: 	: 	: 	: 	: 	: 	: 	: 	: 	: 	: 	: 	: 	: 	: 	: 	: 	: 	: 	: 	: 	: 	: 	: 	: 	: 
PUB,NR,HR	: 	22495.00 	22619.00 	22552.00 	22470.00 	22508.00 	23034.00 	24611.00 	24516.00 	24730.00 	25344.00 	24702.00 	: 	: 	: 	: 	: 	: 	: 	: 	: 	: 	: 	: 	: 	: 	: 	: 	: 	: 	: 	: 	: 	: 	: 	: 	: 	: 	: 	: 	: 	: 	: 	: 	: 	: 	: 	: 	: 	: 	: 	: 	: 	: 	: 	: 	: 	: 	: 	: 	: 	: 
PUB,NR,HU	: 	: 	: 	: 	: 	: 	: 	: 	: 	: 	69427.00 	69552.00 	69372.00 	69181.00 	70106 b	77935.00 	77629.00 	77565.00 	77861.00 	: 	: 	: 	: 	: 	: 	: 	: 	: 	: 	: 	: 	: 	: 	: 	: 	: 	: 	: 	: 	: 	: 	: 	: 	: 	: 	: 	: 	: 	: 	: 	: 	: 	: 	: 	: 	: 	: 	: 	: 	: 	: 	: 
PUB,NR,IE	: 	12697.00 	: 	: 	: 	: 	: 	: 	: 	: 	: 	: 	: 	: 	: 	: 	: 	: 	: 	: 	: 	: 	: 	: 	: 	: 	: 	: 	: 	: 	: 	: 	: 	: 	: 	: 	: 	: 	: 	: 	: 	: 	: 	: 	: 	: 	: 	: 	: 	: 	: 	: 	: 	: 	: 	: 	: 	: 	: 	: 	: 	: 
PUB,NR,IS	: 	1039.00 	1009.00 	1014.00 	1052.00 	1051.00 	1032.00 	1035.00 	1043.00 	1041.00 	1050.00 	1140.00 	1178.00 	1241.00 	1283.00 	: 	: 	: 	: 	: 	: 	: 	: 	: 	: 	: 	: 	: 	: 	: 	: 	: 	: 	: 	: 	: 	: 	: 	: 	: 	: 	: 	: 	: 	: 	: 	: 	: 	: 	: 	: 	: 	: 	: 	: 	: 	: 	: 	: 	: 	: 	: 
PUB,NR,IT	: 	120529 b	126149.00 	126406.00 	128483.00 	129082.00 	131213.00 	131780.00 	135606.00 	139467.00 	142887.00 	147780.00 	148778.00 	152392.00 	155931.00 	158641.00 	161695.00 	160802.00 	167594.00 	: 	: 	: 	: 	: 	: 	: 	: 	: 	: 	: 	: 	: 	: 	: 	: 	: 	: 	: 	: 	: 	: 	: 	: 	: 	: 	: 	: 	: 	: 	: 	: 	: 	: 	: 	: 	: 	: 	: 	: 	: 	: 	: 
PUB,NR,LI	35.00 	35.00 	35.00 	35.00 	54.00 	56.00 	56.00 	57.00 	57.00 	74.00 	74.00 	74.00 	70.00 	85.00 	85.00 	85.00 	94.00 	94.00 	94.00 	94.00 	94.00 	94.00 	95.00 	97.00 	98.00 	98.00 	98.00 	98.00 	98.00 	98.00 	98.00 	100.00 	100.00 	100.00 	100.00 	100.00 	100.00 	100.00 	100.00 	100.00 	: 	: 	: 	: 	: 	: 	: 	: 	: 	: 	: 	: 	: 	: 	: 	: 	: 	: 	: 	: 	: 	: 
PUB,NR,LT	: 	16580.00 	17527.00 	17840.00 	18394.00 	19032.00 	20057.00 	21169.00 	21387.00 	22026.00 	22401.00 	22015.00 	22615.00 	22866.00 	23153.00 	23323.00 	24100.00 	25474.00 	26756.00 	27840.00 	28818.00 	30909.00 	31549.00 	32179.00 	34318.00 	38162.00 	39699.00 	40863.00 	43584.00 	44569.00 	46173.00 	46175.00 	46640.00 	46815.00 	46275.00 	45685.00 	45285.00 	44085.00 	43085.00 	42490.00 	41885.00 	41185.00 	39980.00 	39080.00 	38280.00 	37680.00 	36870.00 	35450.00 	34670.00 	33970.00 	33170.00 	32370.00 	31380.00 	30270.00 	29205.00 	27955.00 	26565.00 	25600.00 	24660.00 	23660.00 	22780.00 	21740.00 
PUB,NR,LV	: 	9025.00 	9382.00 	9515.00 	9718.00 	10089.00 	10141.00 	10170.00 	10597.00 	10912.00 	11061.00 	11154.00 	13572.00 	15853.00 	16155.00 	16484.00 	16784.00 	17020.00 	17307.00 	17577.00 	18860.00 	20291.00 	: 	: 	: 	: 	: 	: 	: 	: 	: 	: 	: 	: 	: 	: 	: 	: 	: 	: 	: 	: 	: 	: 	: 	: 	: 	: 	: 	: 	: 	: 	: 	: 	: 	: 	: 	: 	: 	: 	: 	: 
PUB,NR,ME	: 	2397.00 	2399.00 	2435.00 	2403.00 	2446.00 	2446.00 	2446.00 	2416.00 	2466.00 	2466.00 	2466.00 	2437.00 	2422.00 	2491.00 	2586.00 	2608.00 	2622.00 	2620.00 	2599.00 	2634.00 	2616.00 	2608.00 	2604.00 	2622.00 	2607.00 	2564.00 	2561.00 	2592.00 	2606.00 	3065.00 	3207.00 	5285.00 	5377.00 	4954.00 	5550.00 	4695.00 	4812.00 	5035.00 	5032.00 	4955.00 	4134.00 	4012.00 	4224.00 	4180.00 	4201.00 	4148.00 	3674.00 	3663.00 	3214.00 	3273.00 	3166.00 	: 	: 	: 	: 	: 	: 	: 	: 	: 	: 
PUB,NR,MK	: 	8489.00 	8491.00 	8450.00 	8559.00 	8730.00 	8826.00 	8801.00 	8905.00 	8806.00 	8995.00 	9237.00 	9068.00 	9194.00 	9228.00 	9343.00 	: 	: 	: 	: 	: 	: 	: 	: 	: 	: 	: 	: 	: 	: 	: 	: 	: 	: 	: 	: 	: 	: 	: 	: 	: 	: 	: 	: 	: 	: 	: 	: 	: 	: 	: 	: 	: 	: 	: 	: 	: 	: 	: 	: 	: 	: 
PUB,NR,MT	: 	2133.00 	1945.00 	1980.00 	2009.00 	2005.00 	1933.00 	1889.00 	1913.00 	1863.00 	1772.00 	1710.00 	1829.00 	: 	: 	: 	: 	: 	: 	: 	: 	: 	: 	: 	: 	: 	: 	: 	: 	: 	: 	: 	: 	: 	: 	: 	: 	: 	: 	: 	: 	: 	: 	: 	: 	: 	: 	: 	: 	: 	: 	: 	: 	: 	: 	: 	: 	: 	: 	: 	: 	: 
PUB,NR,NO	: 	13930.00 	14087.00 	14241.00 	14446.00 	14701.00 	14956.00 	15142.00 	15206.00 	15665.00 	16421.00 	16185.00 	16840.00 	17165.00 	: 	: 	: 	: 	: 	: 	: 	: 	: 	: 	: 	: 	: 	: 	: 	: 	: 	: 	: 	: 	: 	: 	: 	: 	: 	: 	: 	: 	: 	: 	: 	: 	: 	: 	: 	: 	: 	: 	: 	: 	: 	: 	: 	: 	: 	: 	: 	: 
PUB,NR,PL	: 	186163.00 	186322 b	198877.00 	202523 b	: 	: 	: 	: 	: 	184549.00 	190175.00 	199697.00 	204226 b	200323.00 	: 	: 	: 	: 	: 	: 	: 	: 	: 	: 	: 	: 	: 	: 	: 	: 	: 	: 	: 	: 	: 	: 	: 	: 	: 	: 	: 	: 	: 	: 	: 	: 	: 	: 	: 	: 	: 	: 	: 	: 	: 	: 	: 	: 	: 	: 	: 
PUB,NR,PT	: 	24424.00 	24386.00 	24111.00 	24050.00 	24056.00 	24027.00 	24206.00 	25004.00 	25786.00 	25828.00 	26048.00 	26077.00 	26368.00 	27086.00 	27531.00 	28169.00 	28387.00 	28457.00 	28733.00 	29430.00 	29700.00 	29738 b	30400.00 	30812.00 	31199.00 	30860.00 	30772.00 	31059.00 	31229.00 	31364.00 	31715.00 	33373.00 	31970.00 	32954.00 	31684.00 	31790.00 	: 	: 	: 	: 	: 	: 	: 	: 	: 	: 	: 	: 	: 	: 	: 	: 	: 	: 	: 	: 	: 	: 	: 	: 	: 
PUB,NR,RO	: 	127211.00 	127190.00 	127082.00 	127321.00 	127350.00 	127531.00 	127281.00 	127716.00 	127560.00 	127109.00 	131759.00 	140420.00 	140204.00 	139929.00 	144720.00 	145879.00 	145552.00 	146557.00 	167012.00 	173326.00 	172615.00 	170154.00 	164526.00 	166411.00 	170954.00 	173311.00 	174900.00 	179082.00 	179169.00 	206869.00 	207001.00 	206908.00 	206151.00 	205322.00 	204193.00 	203168.00 	201263.00 	199361.00 	198045.00 	196146.00 	194845.00 	: 	: 	: 	: 	: 	: 	: 	: 	: 	: 	: 	: 	: 	: 	: 	: 	: 	: 	: 	: 
PUB,NR,RS	: 	39337.00 	39516.00 	39399.00 	39377.00 	39458.00 	39594.00 	39395.00 	39396.00 	39171.00 	39276.00 	39299.00 	39201.00 	39230.00 	39464.00 	41086.00 	: 	: 	: 	: 	: 	: 	: 	: 	: 	: 	: 	: 	: 	: 	: 	: 	: 	: 	: 	: 	: 	: 	: 	: 	: 	: 	: 	: 	: 	: 	: 	: 	: 	: 	: 	: 	: 	: 	: 	: 	: 	: 	: 	: 	: 	: 
PUB,NR,SI	: 	8893.00 	9155.00 	9082.00 	9193.00 	9165.00 	9214.00 	9254.00 	9275.00 	9247.00 	9391.00 	9265.00 	: 	: 	: 	: 	: 	: 	: 	: 	: 	: 	: 	: 	: 	: 	: 	: 	: 	: 	: 	: 	: 	: 	: 	: 	: 	: 	: 	: 	: 	: 	: 	: 	: 	: 	: 	: 	: 	: 	: 	: 	: 	: 	: 	: 	: 	: 	: 	: 	: 	: 
PUB,NR,TR	: 	193942.00 	181556.00 	177189.00 	172310.00 	167074.00 	162126.00 	162769.00 	160594.00 	161058.00 	159606.00 	168661.00 	159913.00 	158698.00 	157337.00 	156368.00 	154007.00 	151924.00 	150509.00 	150122.00 	: 	: 	: 	: 	: 	: 	: 	: 	: 	: 	: 	: 	: 	: 	: 	: 	: 	: 	: 	: 	: 	: 	: 	: 	: 	: 	: 	: 	: 	: 	: 	: 	: 	: 	: 	: 	: 	: 	: 	: 	: 	: 
PUB,NR,UK	: 	: 	163873.04 p	165844.39 e	167589.00 	168934.00 	169995.00 	176324.00 	176791.00 	178841.00 	181972.00 	183831.00 b	203326.00 	205976.00 	207789.00 	215513.00 	224882.00 	231399.00 	235512.00 	236205.00 	238641.00 	240144.00 	: 	: 	: 	: 	: 	: 	: 	: 	: 	: 	: 	: 	: 	: 	: 	: 	: 	: 	: 	: 	: 	: 	: 	: 	: 	: 	: 	: 	: 	: 	: 	: 	: 	: 	: 	: 	: 	: 	: 	: 
PUB,P_HTHAB,AT	: 	483.59 	498.87 	505.06 	514.18 	514.04 	521.79 	524.47 	531.01 	535.08 	540.79 	542.45 	548.68 	550.39 	559.48 	555.61 	563.33 	569.69 	574.48 	583.08 	587.54 	593.50 	602.27 	614.81 	627.66 	635.43 	645.50 	652.45 	657.42 	670.04 	688.73 	710.45 	733.06 	749.00 	761.51 	773.48 	781.42 	: 	: 	: 	: 	: 	: 	: 	: 	: 	: 	: 	: 	: 	: 	: 	: 	: 	: 	: 	: 	: 	: 	: 	: 	: 
PUB,P_HTHAB,BE	146.00 	144.92 	145.69 b	145.58 	146.32 	149.67 	152.56 	157.07 	161.11 	162.35 	164.30 	166.20 	178.10 	184.15 	185.50 	191.09 	195.61 	204.48 	228.39 	230.10 	240.39 	242.20 	: 	: 	: 	: 	: 	: 	: 	: 	: 	: 	: 	: 	: 	: 	: 	: 	: 	: 	: 	: 	: 	: 	: 	: 	: 	: 	: 	: 	: 	: 	: 	: 	: 	: 	: 	: 	: 	: 	: 	: 
PUB,P_HTHAB,BG	: 	582.88 	587.68 	577.42 	571.81 	565.40 	571.79 	570.77 	564.85 	560.21 	559.69 	582.94 	595.81 	600.22 	599.63 	593.28 	624.97 	601.86 	: 	: 	: 	: 	: 	: 	: 	: 	: 	: 	: 	: 	: 	: 	: 	: 	: 	: 	: 	: 	: 	: 	: 	: 	: 	: 	: 	: 	: 	: 	: 	: 	: 	: 	: 	: 	: 	: 	: 	: 	: 	: 	: 	: 
PUB,P_HTHAB,CY	: 	: 	175.41 	179.76 	187.90 b	183.43 	180.97 	179.12 	176.93 	178.60 	178.29 	182.53 	187.62 	188.02 	188.76 	189.36 	194.98 	196.43 	200.19 	204.47 	202.84 	216.42 	222.37 	225.76 	233.91 	261.29 	269.33 	266.44 	276.64 	296.00 	312.05 	334.54 	344.39 	347.37 	344.57 	341.40 	339.24 	361.34 	373.25 	374.24 	378.69 	402.32 	390.23 	383.27 	378.26 	376.70 	: 	: 	: 	: 	: 	: 	: 	: 	: 	: 	: 	: 	: 	: 	: 	: 
PUB,P_HTHAB,CZ	: 	550.63 	559.17 	560.59 	562.59 	566.42 	567.39 	568.03 	570.64 	591.18 	603.60 	626.99 b	628.44 	639.52 	: 	: 	: 	: 	: 	: 	: 	: 	: 	: 	: 	: 	: 	: 	: 	: 	: 	: 	: 	: 	: 	: 	: 	: 	: 	: 	: 	: 	: 	: 	: 	: 	: 	: 	: 	: 	: 	: 	: 	: 	: 	: 	: 	: 	: 	: 	: 	: 
PUB,P_HTHAB,DE	: 	313.88 	318.25 	322.63 	325.98 	326.85 	332.04 	334.74 	336.73 	336.72 	340.56 	337.96 	335.16 	335.39 	339.35 	352.86 	367.71 	376.78 	388.42 	398.97 	: 	: 	: 	: 	: 	: 	: 	: 	: 	: 	: 	: 	: 	: 	: 	: 	: 	: 	: 	: 	: 	: 	: 	: 	: 	: 	: 	: 	: 	: 	: 	: 	: 	: 	: 	: 	: 	: 	: 	: 	: 	: 
PUB,P_HTHAB,DK	235.08 p	242.12 	243.00 	245.39 	244.37 	243.05 	236.03 	252.19 b	290.58 	: 	294.12 b	334.12 	331.39 	341.27 	350.31 	361.14 	369.85 	381.94 	399.81 	415.33 	418.40 	425.91 	435.06 	450.26 	460.63 	: 	: 	: 	: 	: 	: 	: 	: 	: 	: 	: 	: 	: 	: 	: 	: 	: 	: 	: 	: 	: 	: 	: 	: 	: 	: 	: 	: 	: 	: 	: 	: 	: 	: 	: 	: 	: 
PUB,P_HTHAB,EE	: 	416.58 	417.94 	419.47 	426.41 	436.38 	448.64 	455.64 	452.35 b	486.05 	478.74 	474.74 	484.22 	508.12 	505.12 	499.48 	483.84 	506.11 	511.26 	534.45 	: 	: 	: 	704.47 	740.10 	774.66 	819.62 	846.28 	953.93 	965.17 	1128.92 	1155.32 	1193.08 	1200.72 	1209.17 	1219.98 	1219.60 	1222.49 	1230.49 	1235.97 	1236.84 	1218.51 	1170.72 	1131.02 	1106.74 	1105.19 	1091.40 	1089.43 	1094.99 	1090.11 	1094.81 	1083.03 	1077.50 	1087.35 	1087.23 	1076.73 	1072.56 	: 	: 	: 	: 	: 
PUB,P_HTHAB,EL	: 	: 	274.88 	275.47 	274.25 	273.95 	276.12 	276.86 	276.53 	297.09 	300.62 	308.31 b	343.16 	334.24 	340.08 	336.22 	332.69 	326.86 	327.72 	331.52 	333.14 	330.66 	338.59 	349.40 	347.49 	348.92 	: 	: 	: 	: 	: 	: 	: 	: 	: 	: 	: 	: 	: 	: 	: 	: 	: 	: 	: 	: 	: 	: 	: 	: 	: 	: 	: 	: 	: 	: 	: 	: 	: 	: 	: 	: 
PUB,P_HTHAB,ES	: 	204.29 p	201.31 	202.72 	203.98 	203.60 	204.58 	203.41 	203.56 	206.28 	209.13 	213.70 b	209.92 	212.12 	214.55 	216.25 	219.58 	224.00 	227.26 	232.47 	238.43 	243.34 	248.25 	250.59 	253.92 	258.61 	262.89 	271.77 	276.22 	282.07 	285.38 	289.84 	295.40 	298.60 	301.35 	303.07 	308.12 	: 	: 	: 	: 	364.45 	: 	: 	: 	: 	: 	: 	: 	: 	: 	: 	: 	: 	: 	: 	: 	: 	: 	: 	: 	: 
PUB,P_HTHAB,FI	: 	270.00 	321.10 	342.29 	354.00 	378.23 	407.15 	436.31 	465.93 	504.18 	525.68 	560.17 	600.18 	629.79 	647.04 	670.65 	679.50 	683.72 	699.44 	710.21 	719.93 	729.05 	732.98 	748.91 	762.79 	784.92 	785.23 	792.87 	: 	: 	: 	: 	: 	: 	: 	: 	: 	: 	: 	: 	: 	: 	: 	: 	: 	: 	: 	: 	: 	: 	: 	: 	: 	: 	: 	: 	: 	: 	: 	: 	: 	: 
PUB,P_HTHAB,FR	: 	353.13 	358.88 	362.76 	368.20 	374.83 	380.72 	386.40 	390.02 	394.50 	396.83 	402.11 	424.00 	446.75 	460.36 	463.59 	472.80 	485.73 	496.17 	508.49 	515.53 	522.99 	533.96 	541.89 	551.01 	: 	: 	: 	: 	: 	: 	: 	: 	: 	: 	: 	: 	: 	: 	: 	: 	: 	: 	: 	: 	: 	: 	: 	: 	: 	: 	: 	: 	: 	: 	: 	: 	: 	: 	: 	: 	: 
PUB,P_HTHAB,HR	: 	555.81 	556.13 	551.28 	544.09 	539.44 	547.39 	580.99 	576.24 	579.28 	591.75 	574.95 	: 	: 	: 	: 	: 	: 	: 	: 	: 	: 	: 	: 	: 	: 	: 	: 	: 	: 	: 	: 	: 	: 	: 	: 	: 	: 	: 	: 	: 	: 	: 	: 	: 	: 	: 	: 	: 	: 	: 	: 	: 	: 	: 	: 	: 	: 	: 	: 	: 	: 
PUB,P_HTHAB,HU	: 	: 	: 	: 	: 	: 	: 	: 	: 	: 	697.14 	695.52 	692.15 	689.18 	697.17 b	773.83 	769.59 	767.43 	768.65 	: 	: 	: 	: 	: 	: 	: 	: 	: 	: 	: 	: 	: 	: 	: 	: 	: 	: 	: 	: 	: 	: 	: 	: 	: 	: 	: 	: 	: 	: 	: 	: 	: 	: 	: 	: 	: 	: 	: 	: 	: 	: 	: 
PUB,P_HTHAB,IE	: 	254.67 	: 	: 	: 	: 	: 	: 	: 	: 	: 	: 	: 	: 	: 	: 	: 	: 	: 	: 	: 	: 	: 	: 	: 	: 	: 	: 	: 	: 	: 	: 	: 	: 	: 	: 	: 	: 	: 	: 	: 	: 	: 	: 	: 	: 	: 	: 	: 	: 	: 	: 	: 	: 	: 	: 	: 	: 	: 	: 	: 	: 
PUB,P_HTHAB,IS	: 	283.52 	279.84 	287.48 	306.35 	313.32 	311.96 	316.14 	322.15 	324.59 	329.14 	358.44 	369.86 	390.97 	411.79 	: 	: 	: 	: 	: 	: 	: 	: 	: 	: 	: 	: 	: 	: 	: 	: 	: 	: 	: 	: 	: 	: 	: 	: 	: 	: 	: 	: 	: 	: 	: 	: 	: 	: 	: 	: 	: 	: 	: 	: 	: 	: 	: 	: 	: 	: 	: 
PUB,P_HTHAB,IT	: 	202.74 b	211.20 	210.15 	212.24 	212.91 	216.06 	216.78 	225.13 	234.24 	240.63 	249.30 	251.76 	259.05 	266.83 	272.84 	278.93 	278.76 	292.42 	: 	: 	: 	: 	: 	: 	: 	: 	: 	: 	: 	: 	: 	: 	: 	: 	: 	: 	: 	: 	: 	: 	: 	: 	: 	: 	: 	: 	: 	: 	: 	: 	: 	: 	: 	: 	: 	: 	: 	: 	: 	: 	: 
PUB,P_HTHAB,LI	89.62 	89.97 	90.76 	91.51 	142.25 	148.48 	149.36 	153.03 	154.12 	201.87 	203.79 	205.43 	195.85 	239.62 	241.05 	242.60 	270.48 	272.88 	275.83 	278.98 	283.18 	287.95 	294.84 	306.31 	313.79 	315.79 	318.43 	321.63 	325.70 	330.78 	335.51 	347.92 	353.15 	357.81 	362.89 	367.14 	372.05 	376.00 	378.13 	380.88 	: 	: 	: 	: 	: 	: 	: 	: 	: 	: 	: 	: 	: 	: 	: 	: 	: 	: 	: 	: 	: 	: 
PUB,P_HTHAB,LT	: 	593.23 	627.28 	636.79 	650.33 	663.54 	690.45 	721.91 	723.10 	737.20 	739.77 	710.78 	715.00 	714.96 	716.52 	713.26 	725.35 	754.32 	783.44 	808.58 	830.29 	883.23 	895.20 	906.62 	959.91 	1059.58 	1093.91 	1117.35 	1183.51 	1204.53 	1246.53 	1248.70 	1265.93 	1280.83 	1279.60 	1276.50 	1277.60 	1254.48 	1236.23 	1229.04 	1220.09 	1206.64 	1176.63 	1156.38 	1140.97 	1131.99 	1116.71 	1082.81 	1068.60 	1057.06 	1043.40 	1030.99 	1009.87 	983.16 	959.30 	929.34 	894.01 	872.17 	850.65 	826.30 	806.79 	782.42 
PUB,P_HTHAB,LV	: 	474.89 	490.22 	493.73 	500.35 	514.87 	512.81 	510.09 	526.52 	536.40 	537.02 	531.76 	633.71 	728.10 	734.21 	743.07 	749.69 	752.06 	756.44 	760.85 	806.96 	857.05 	: 	: 	: 	: 	: 	: 	: 	: 	: 	: 	: 	: 	: 	: 	: 	: 	: 	: 	: 	: 	: 	: 	: 	: 	: 	: 	: 	: 	: 	: 	: 	: 	: 	: 	: 	: 	: 	: 	: 	: 
PUB,P_HTHAB,ME	: 	385.80 	385.67 	391.31 	386.10 	393.06 	393.15 	393.37 	388.92 	397.36 	397.69 	398.11 	394.29 	392.96 	404.99 	421.26 	425.27 	427.86 	428.55 	426.43 	433.78 	432.70 	432.40 	: 	: 	: 	: 	: 	: 	: 	: 	: 	: 	: 	: 	: 	: 	: 	: 	: 	: 	: 	: 	: 	: 	: 	: 	: 	: 	: 	: 	: 	: 	: 	: 	: 	: 	: 	: 	: 	: 	: 
PUB,P_HTHAB,MK	: 	409.60 	408.87 	406.99 	412.58 	421.23 	426.33 	425.69 	431.44 	427.26 	436.96 	449.49 	442.20 	449.17 	451.57 	457.94 	: 	: 	: 	: 	: 	: 	: 	: 	: 	: 	: 	: 	: 	: 	: 	: 	: 	: 	: 	: 	: 	: 	: 	: 	: 	: 	: 	: 	: 	: 	: 	: 	: 	: 	: 	: 	: 	: 	: 	: 	: 	: 	: 	: 	: 	: 
PUB,P_HTHAB,MT	: 	413.91 	385.87 	408.56 	429.27 	440.31 	434.33 	434.70 	449.10 	443.54 	425.69 	412.54 	443.42 	: 	: 	: 	: 	: 	: 	: 	: 	: 	: 	: 	: 	: 	: 	: 	: 	: 	: 	: 	: 	: 	: 	: 	: 	: 	: 	: 	: 	: 	: 	: 	: 	: 	: 	: 	: 	: 	: 	: 	: 	: 	: 	: 	: 	: 	: 	: 	: 	: 
PUB,P_HTHAB,NO	: 	258.95 	263.41 	268.10 	273.76 	280.85 	288.25 	294.75 	299.35 	312.14 	331.53 	331.03 	348.75 	359.99 	: 	: 	: 	: 	: 	: 	: 	: 	: 	: 	: 	: 	: 	: 	: 	: 	: 	: 	: 	: 	: 	: 	: 	: 	: 	: 	: 	: 	: 	: 	: 	: 	: 	: 	: 	: 	: 	: 	: 	: 	: 	: 	: 	: 	: 	: 	: 	: 
PUB,P_HTHAB,PL	: 	491.21 	490.77 b	523.71 	533.31 b	: 	: 	: 	: 	: 	484.85 	499.90 	524.42 	535.66 b	525.50 	: 	: 	: 	: 	: 	: 	: 	: 	: 	: 	: 	: 	: 	: 	: 	: 	: 	: 	: 	: 	: 	: 	: 	: 	: 	: 	: 	: 	: 	: 	: 	: 	: 	: 	: 	: 	: 	: 	: 	: 	: 	: 	: 	: 	: 	: 	: 
PUB,P_HTHAB,PT	: 	237.19 	237.07 	234.46 	233.49 	232.98 	231.96 	232.73 	239.11 	245.23 	244.64 	246.36 	246.75 	249.74 	256.91 	261.64 	268.19 	270.77 	272.09 	275.76 	284.00 	288.63 	291.04 b	299.21 	304.80 	310.01 	307.79 	307.98 	311.69 	313.78 	314.89 	317.68 	333.56 	319.07 	328.55 	315.81 	317.15 	: 	: 	: 	: 	: 	: 	: 	: 	: 	: 	: 	: 	: 	: 	: 	: 	: 	: 	: 	: 	: 	: 	: 	: 	: 
PUB,P_HTHAB,RO	: 	660.58 	656.58 	652.57 	649.97 	646.37 	643.59 	639.31 	639.10 	635.95 	630.89 	650.76 	689.43 	682.66 	670.06 	682.84 	684.25 	678.51 	679.31 	768.56 	783.15 	769.13 	757.18 	730.99 	737.83 	755.80 	764.01 	769.46 	786.71 	786.03 	899.39 	892.18 	893.33 	894.07 	894.67 	894.14 	893.71 	888.95 	883.67 	881.15 	877.49 	877.39 	: 	: 	: 	: 	: 	: 	: 	: 	: 	: 	: 	: 	: 	: 	: 	: 	: 	: 	: 	: 
PUB,P_HTHAB,RS	: 	570.17 	568.97 	564.25 	560.86 	559.03 	558.02 	552.48 	549.91 	544.11 	542.93 	539.89 	535.47 	533.73 	534.63 	554.35 	: 	: 	: 	: 	: 	: 	: 	: 	: 	: 	: 	: 	: 	: 	: 	: 	: 	: 	: 	: 	: 	: 	: 	: 	: 	: 	: 	: 	: 	: 	: 	: 	: 	: 	: 	: 	: 	: 	: 	: 	: 	: 	: 	: 	: 	: 
PUB,P_HTHAB,SI	: 	422.99 	438.38 	437.92 	444.88 	443.82 	446.52 	448.79 	450.25 	449.50 	457.46 	452.26 	: 	: 	: 	: 	: 	: 	: 	: 	: 	: 	: 	: 	: 	: 	: 	: 	: 	: 	: 	: 	: 	: 	: 	: 	: 	: 	: 	: 	: 	: 	: 	: 	: 	: 	: 	: 	: 	: 	: 	: 	: 	: 	: 	: 	: 	: 	: 	: 	: 	: 
PUB,P_HTHAB,TR	: 	232.59 	219.86 	217.66 	214.55 	210.74 	207.27 	210.89 	210.90 	214.24 	215.03 	230.59 	221.98 	223.36 	224.26 	225.65 	225.04 	224.74 	225.33 	227.45 	: 	: 	: 	: 	: 	: 	: 	: 	: 	: 	: 	: 	: 	: 	: 	: 	: 	: 	: 	: 	: 	: 	: 	: 	: 	: 	: 	: 	: 	: 	: 	: 	: 	: 	: 	: 	: 	: 	: 	: 	: 	: 
PUB,P_HTHAB,UK	: 	: 	: 	249.54 	253.70 	257.48 	261.06 	272.94 	275.68 	280.75 	287.66 	292.88 b	326.49 	333.26 	338.85 	354.19 	372.31 	385.74 	394.84 	397.85 	403.66 	407.77 	: 	: 	: 	: 	: 	: 	: 	: 	: 	: 	: 	: 	: 	: 	: 	: 	: 	: 	: 	: 	: 	: 	: 	: 	: 	: 	: 	: 	: 	: 	: 	: 	: 	: 	: 	: 	: 	: 	: 	: 
